ID,Date,time,cond,condcolor,percentTrialsStay,practiceblock,cannon,driftConc,block,trial,StaySwitch,TAC,hit,angmu,outcome,pred,prev_placementAngle,predT,cannonballs_caught,cannonballs_missed,accPerf,angleup,angledown,outcomeindex,UP,distmean,allASS,blockearnings,picture.wall.stimulusonset,shape.responsearea.stimulusonset,picture.cannonball.stimulusonset,picture.shield_center.stimulusonset,picture.shield.stimulusonset,shieldsize,total_trialnum,perf,predErr,distMean,catch_miss,changepoint,cond_num,cBal,Irreg,sex,age,oddballProb,predErrMin,predErrNorm,predErrPlus,actRew,rew,UPMin,UPNorm,UPPlus,catchTrial,sigma,oddBall,cp
326980,2021-11-01,23:49:01,ODDBALL,BLUE,0.86,6,2,18.775,1,1,0,1,1,298.84758332381807,297.2051450048994,302.33937707974127,NA,857,1,0,4,324.33937707974127,280.33937707974127,5,57.66062292025873,44,1.5,0,0,0,6,0,NA,44,2,0.5,5.1342320748418615,3.4917937559231973,hit,NA,1,1,NA,NA,NA,0.14,NA,NA,NA,0.5,0.5,0,0,0,0,18.775,0,NA
326980,2021-11-01,23:49:01,ODDBALL,BLUE,0.86,6,2,18.775,1,2,0,2,1,295.6032776855198,282.089081121514,302.3632907620757,302.33937707974127,1024,2,0,4,328.3632907620757,276.3632907620757,5,0.023913682334409714,52,1.5,0,8,0,9,0,NA,52,3,0.5,20.27420964056165,6.760013076555879,hit,NA,1,1,NA,NA,NA,0.14,NA,NA,NA,0.5,0.5,0,0,0,0,18.775,0,NA
326980,2021-11-01,23:49:01,ODDBALL,BLUE,0.86,6,2,18.775,1,3,0,3,0,292.83160994820787,294.9151230898794,261.44203487654175,302.3632907620757,882,2,1,4,272.44203487654175,250.44203487654175,6,40.921255885533924,22,1.5,0,11,0,7,0,NA,22,4,0,33.47308821333763,31.389575071666115,miss,NA,1,1,NA,NA,NA,0.14,NA,NA,NA,0,0.5,0,0,0,0,18.775,0,NA
326980,2021-11-01,23:49:01,ODDBALL,BLUE,0.86,6,2,18.775,1,4,0,4,0,291.0918859501173,277.46954647174914,291.9058684034559,261.44203487654175,339,2,2,4,295.9058684034559,287.9058684034559,6,30.46383352691413,8,1.5,0,6,0,13,0,NA,8,5,0,14.436321931706743,0.8139824533386104,miss,NA,1,1,NA,NA,NA,0.14,NA,NA,NA,0,0.5,0,0,0,0,18.775,0,NA
326980,2021-11-01,23:49:01,ODDBALL,BLUE,0.86,6,2,18.775,1,5,0,5,1,291.30636375811815,280.8852786422088,283.49573328079583,291.9058684034559,702,3,2,4,303.99573328079583,262.99573328079583,5,8.410135122660051,41,1.5,0,3,0,1,0,NA,41,6,0.5,2.6104546385870435,7.81063047732232,hit,NA,1,1,NA,NA,NA,0.14,NA,NA,NA,0.5,0.5,0,0,0,0,18.775,0,NA
326980,2021-11-01,23:49:01,ODDBALL,BLUE,0.86,6,2,18.775,1,6,0,6,1,288.6535825033145,297.49994423748194,283.9691524218772,283.49573328079583,762,4,2,4,298.9691524218772,268.9691524218772,5,0.47341914108136507,30,1.5,0,15,0,7,0,NA,30,7,0.5,13.530791815604744,4.684430081437313,hit,NA,1,1,NA,NA,NA,0.14,NA,NA,NA,0.5,0.5,0,0,0,0,18.775,0,NA
326980,2021-11-01,23:49:01,ODDBALL,BLUE,0.86,6,2,18.775,1,7,0,7,1,293.6128676760676,301.7533265701918,295.70995378081125,283.9691524218772,825,5,2,4,303.70995378081125,287.70995378081125,5,11.74080135893405,16,1.5,0,1,0,1,0,NA,16,8,0.5,6.043372789380555,2.097086104743653,hit,NA,1,1,NA,NA,NA,0.14,NA,NA,NA,0.5,0.5,0,0,0,0,18.775,0,NA
326980,2021-11-01,23:49:01,ODDBALL,BLUE,0.86,6,2,18.775,1,8,0,8,1,298.32719152959993,314.42849586461364,302.9885216136346,295.70995378081125,606,6,2,4,332.9885216136346,272.9885216136346,5,7.278567832823342,60,1.5,0,15,0,15,0,NA,60,9,0.5,11.439974250979049,4.66133008403466,hit,NA,1,1,NA,NA,NA,0.14,NA,NA,NA,0.5,0.5,0,0,0,0,18.775,0,NA
326980,2021-11-01,23:49:01,ODDBALL,BLUE,0.86,6,2,18.775,1,9,0,9,0,292.6248801276169,284.8404674808022,313.3634229583833,302.9885216136346,786,6,3,4,328.8634229583833,297.8634229583833,6,10.374901344748707,31,1.5,0,15,0,4,0,NA,31,10,0,28.522955477581093,20.73854283076639,miss,NA,1,1,NA,NA,NA,0.14,NA,NA,NA,0,0.5,0,0,0,0,18.775,0,NA
326980,2021-11-01,23:49:01,ODDBALL,BLUE,0.86,6,2,18.775,1,10,0,10,0,291.4510898552001,297.7142101044018,297.16814237145854,313.3634229583833,634,6,0,4,NA,NA,6,16.195280586924753,NA,1.5,0,4,0,2,0,NA,5,11,0,0.5460677329432428,5.717052516258434,miss,NA,1,1,CHECK_MISS,NA,NA,0.14,NA,NA,NA,0,0.5,0,0,0,0,18.775,0,NA
326980,2021-11-01,23:49:01,ODDBALL,BLUE,0.86,6,2,18.775,1,11,1,11,0,291.4510898552001,351.0947937404492,300.7685416843574,297.16814237145854,730,6,1,4,312.2685416843574,289.2685416843574,6,3.600399312898844,23,1.5,0,2,0,1,0,NA,23,12,0,50.32625205609179,9.317451829157278,miss,11,1,1,NA,NA,NA,0.14,NA,NA,NA,0,0.5,0,0,0,0,18.775,1,NA
326980,2021-11-01,23:49:01,ODDBALL,BLUE,0.86,6,2,18.775,1,12,0,12,0,292.57562964078994,279.8831831184773,358.8655783690229,300.7685416843574,397,6,2,4,15.865578369022899,341.8655783690229,6,58.09703668466551,34,1.5,0,12,0,16,0,NA,34,13,0,78.98239525054561,66.28994872823296,miss,NA,1,1,NA,NA,NA,0.14,NA,NA,NA,0,0.5,0,0,0,0,18.775,0,NA
326980,2021-11-01,23:49:01,ODDBALL,BLUE,0.86,6,2,18.775,1,13,0,13,0,293.2829341225464,294.40935110677214,310.5418900219016,358.8655783690229,584,6,3,4,321.0418900219016,300.0418900219016,6,48.323688347121276,21,1.5,0,1,0,1,0,NA,21,14,0,16.132538915129487,17.258955899355215,miss,NA,1,1,NA,NA,NA,0.14,NA,NA,NA,0,0.5,0,0,0,0,18.775,0,NA
326980,2021-11-01,23:49:01,ODDBALL,BLUE,0.86,6,2,18.775,1,14,0,14,1,288.51907820197295,271.2592522010809,299.5712582541037,310.5418900219016,725,7,3,4,329.0712582541037,270.0712582541037,5,10.970631767797897,59,1.5,0,4,0,11,0,NA,59,15,0.5,28.3120060530228,11.05218005213078,hit,NA,1,1,NA,NA,NA,0.14,NA,NA,NA,0.5,0.5,0,0,0,0,18.775,0,NA
326980,2021-11-01,23:49:01,ODDBALL,BLUE,0.86,6,2,18.775,1,15,0,15,1,287.0782348331297,291.5388716189933,293.1237918883693,299.5712582541037,679,8,3,4,321.6237918883693,264.6237918883693,5,6.447466365734442,57,1.5,0,1,0,1,0,NA,57,16,0.5,1.5849202693759707,6.045557055239556,hit,NA,1,1,NA,NA,NA,0.14,NA,NA,NA,0.5,0.5,0,0,0,0,18.775,0,NA
326980,2021-11-01,23:49:01,ODDBALL,BLUE,0.86,6,2,18.775,1,16,1,16,0,287.0782348331297,333.0849939335801,307.4316029784106,293.1237918883693,703,8,0,4,313.9316029784106,300.9316029784106,6,14.307811090041298,13,1.5,0,9,0,3,0,NA,13,17,0,25.653390955169527,20.353368145280854,miss,16,1,1,NA,NA,NA,0.14,NA,NA,NA,0,0.5,0,0,0,0,18.775,1,NA
326980,2021-11-01,23:49:01,ODDBALL,BLUE,0.86,6,2,18.775,1,17,0,17,0,284.94416871529216,303.94220560881377,343.43563258728153,307.4316029784106,691,8,1,4,357.43563258728153,329.43563258728153,6,36.00402960887095,28,1.5,0,3,0,1,0,NA,28,18,0,39.49342697846777,58.49146387198937,miss,NA,1,1,NA,NA,NA,0.14,NA,NA,NA,0,0.5,0,0,0,0,18.775,0,NA
326980,2021-11-01,23:49:01,ODDBALL,BLUE,0.86,6,2,18.775,1,18,0,18,1,286.3432382864928,316.4740386169369,312.3883186221016,343.43563258728153,761,9,1,4,341.3883186221016,283.3883186221016,5,31.04731396517991,58,1.5,0,14,0,5,0,NA,58,19,0.5,4.085719994835301,26.045080335608816,hit,NA,1,1,NA,NA,NA,0.14,NA,NA,NA,0.5,0.5,0,0,0,0,18.775,0,NA
326980,2021-11-01,23:49:01,ODDBALL,BLUE,0.86,6,2,18.775,1,19,1,19,1,286.3432382864928,325.03509031725935,309.0531369460265,312.3883186221016,365,10,1,4,334.5531369460265,283.5531369460265,5,3.3351816760751376,51,1.5,0,9,0,13,0,NA,51,20,0.5,15.981953371232862,22.70989865953368,hit,19,1,1,NA,NA,NA,0.14,NA,NA,NA,0.5,0.5,0,0,0,0,18.775,1,NA
326980,2021-11-01,23:49:01,ODDBALL,BLUE,0.86,6,2,18.775,1,20,0,20,0,287.060793913794,284.9627378096856,327.66062292025873,309.0531369460265,444,10,2,4,355.16062292025873,300.16062292025873,6,18.607485974232247,55,1.5,0,9,0,8,0,NA,55,21,0,42.69788511057311,40.599829006464745,miss,NA,1,1,NA,NA,NA,0.14,NA,NA,NA,0,0.5,0,0,0,0,18.775,0,NA
326980,2021-11-01,23:49:01,ODDBALL,BLUE,0.86,6,2,18.775,1,21,0,21,0,288.1036172187029,275.1560697251527,297.31560797344224,327.66062292025873,433,10,3,4,307.31560797344224,287.31560797344224,6,30.34501494681649,20,1.5,0,11,0,9,0,NA,20,22,0,22.15953824828955,9.211990754739361,miss,NA,1,1,NA,NA,NA,0.14,NA,NA,NA,0,0.5,0,0,0,0,18.775,0,NA
326980,2021-11-01,23:49:01,ODDBALL,BLUE,0.86,6,2,18.775,1,22,0,22,0,289.6029741983836,288.70758515172577,274.76364169072616,297.31560797344224,781,10,0,4,277.76364169072616,271.76364169072616,6,22.55196628271608,6,1.5,0,9,0,15,0,NA,6,23,0,13.943943460999606,14.839332507657446,miss,NA,1,1,NA,NA,NA,0.14,NA,NA,NA,0,0.5,0,0,0,0,18.775,0,NA
326980,2021-11-01,23:49:01,ODDBALL,BLUE,0.86,6,2,18.775,1,23,0,23,1,288.5952590076846,298.527616846686,291.644435140714,274.76364169072616,310,11,0,4,314.644435140714,268.644435140714,5,16.880793449987834,46,1.5,0,1,0,1,0,NA,46,24,0.5,6.883181705971992,3.049176133029391,hit,NA,1,1,NA,NA,NA,0.14,NA,NA,NA,0.5,0.5,0,0,0,0,18.775,0,NA
326980,2021-11-01,23:49:01,ODDBALL,BLUE,0.86,6,2,18.775,1,24,0,24,1,292.8228558131907,308.078344572251,306.360363632388,291.644435140714,458,12,0,4,310.860363632388,301.860363632388,5,14.715928491673992,9,1.5,0,6,0,5,0,NA,9,25,0.5,1.7179809398630255,13.537507819197288,hit,NA,1,1,NA,NA,NA,0.14,NA,NA,NA,0.5,0.5,0,0,0,0,18.775,0,NA
326980,2021-11-01,23:49:01,ODDBALL,BLUE,0.86,6,2,18.775,1,25,0,25,0,293.04690377624695,291.7052095980949,322.44871787382203,306.360363632388,359,12,1,4,347.44871787382203,297.44871787382203,6,16.088354241434047,50,1.5,0,6,0,11,0,NA,50,26,0,30.74350827572715,29.401814097575084,miss,NA,1,1,NA,NA,NA,0.14,NA,NA,NA,0,0.5,0,0,0,0,18.775,0,NA
326980,2021-11-01,23:49:01,ODDBALL,BLUE,0.86,6,2,18.775,1,26,0,26,0,287.50463949824587,330.3448251210064,299.5712582541037,322.44871787382203,417,12,2,4,315.5712582541037,283.5712582541037,6,22.87745961971831,32,1.5,0,13,0,11,0,NA,32,27,0,30.773566866902684,12.06661875585786,miss,NA,1,1,NA,NA,NA,0.14,NA,NA,NA,0,0.5,0,0,0,0,18.775,0,NA
326980,2021-11-01,23:49:01,ODDBALL,BLUE,0.86,6,2,18.775,1,27,0,27,0,290.15890794331193,293.2593025328017,315.3951370425075,299.5712582541037,354,12,3,4,328.8951370425075,301.8951370425075,6,15.82387878840376,27,1.5,0,9,0,11,0,NA,27,28,0,22.135834509705774,25.236229099195555,miss,NA,1,1,NA,NA,NA,0.14,NA,NA,NA,0,0.5,0,0,0,0,18.775,0,NA
326980,2021-11-01,23:49:01,ODDBALL,BLUE,0.86,6,2,18.775,1,28,0,28,0,288.71462565768036,243.6064499473828,280.45163294398867,315.3951370425075,464,12,0,4,287.45163294398867,273.45163294398867,6,34.943504098518815,14,1.5,0,10,0,7,0,NA,14,29,0,36.84518299660587,8.262992713691688,miss,NA,1,1,NA,NA,NA,0.14,NA,NA,NA,0,0.5,0,0,0,0,18.775,0,NA
326980,2021-11-01,23:49:01,ODDBALL,BLUE,0.86,6,2,18.775,1,29,0,29,0,291.69384087333236,320.4535845370984,253.40189560713895,280.45163294398867,579,12,1,4,256.90189560713895,249.90189560713895,6,27.049737336849716,7,1.5,0,7,0,12,0,NA,7,30,0,67.05168892995943,38.29194526619341,miss,NA,1,1,NA,NA,NA,0.14,NA,NA,NA,0,0.5,0,0,0,0,18.775,0,NA
326980,2021-11-01,23:49:01,ODDBALL,BLUE,0.86,6,2,18.775,1,30,1,30,0,291.69384087333236,235.05751498859783,308.7487077630654,253.40189560713895,473,12,2,4,321.2487077630654,296.2487077630654,6,55.34681215592644,25,1.5,0,14,0,10,0,NA,25,31,0,73.69119277446757,17.054866889733034,miss,30,1,1,NA,NA,NA,0.14,NA,NA,NA,0,0.5,0,0,0,0,18.775,1,NA
326980,2021-11-01,23:49:01,ODDBALL,BLUE,0.86,6,2,18.775,1,31,0,31,0,295.01050790952314,268.43472760722614,229.3382667914282,308.7487077630654,662,12,3,4,237.8382667914282,220.8382667914282,6,79.4104409716372,17,1.5,0,12,0,9,0,NA,17,32,0,39.09646081579794,65.67224111809495,miss,NA,1,1,NA,NA,NA,0.14,NA,NA,NA,0,0.5,0,0,0,0,18.775,0,NA
326980,2021-11-01,23:49:01,ODDBALL,BLUE,0.86,6,2,18.775,1,32,0,32,1,295.28329036983547,284.2999463046064,268.8982938847936,229.3382667914282,382,13,3,4,285.3982938847936,252.3982938847936,5,39.56002709336539,33,1.5,0,1,0,1,0,NA,33,33,0.5,15.40165241981282,26.38499648504188,hit,NA,1,1,NA,NA,NA,0.14,NA,NA,NA,0.5,0.5,0,0,0,0,18.775,0,NA
326980,2021-11-01,23:49:01,ODDBALL,BLUE,0.86,6,2,18.775,1,33,0,33,0,294.0589194555748,279.2212781330008,312.008169254031,268.8982938847936,528,13,0,4,336.508169254031,287.508169254031,6,43.109875369237386,49,1.5,0,11,0,3,0,NA,49,34,0,32.78689112103018,17.94924979845615,miss,NA,1,1,NA,NA,NA,0.14,NA,NA,NA,0,0.5,0,0,0,0,18.775,0,NA
326980,2021-11-01,23:49:01,ODDBALL,BLUE,0.86,6,2,18.775,1,34,0,34,1,299.4395760943278,284.3487381697231,280.75796708839,312.008169254031,449,14,0,4,292.75796708839,268.75796708839,5,31.250202165640985,24,1.5,0,15,0,15,0,NA,24,35,0.5,3.5907710813331164,18.681609005937787,hit,NA,1,1,NA,NA,NA,0.14,NA,NA,NA,0.5,0.5,0,0,0,0,18.775,0,NA
326980,2021-11-01,23:49:01,ODDBALL,BLUE,0.86,6,2,18.775,1,35,0,35,1,298.1067526757366,313.1123627191108,304.1596945456694,280.75796708839,525,15,0,4,324.1596945456694,284.1596945456694,5,23.401727457279435,40,1.5,0,2,0,1,0,NA,40,36,0.5,8.952668173441396,6.052941869932852,hit,NA,1,1,NA,NA,NA,0.14,NA,NA,NA,0.5,0.5,0,0,0,0,18.775,0,NA
326980,2021-11-01,23:49:01,ODDBALL,BLUE,0.86,6,2,18.775,1,36,1,36,0,298.1067526757366,228.42528783446767,325.00797980144137,304.1596945456694,267,15,1,4,334.00797980144137,316.00797980144137,6,20.84828525577194,18,1.5,0,1,0,1,0,NA,18,37,0,96.5826919669737,26.901227125704793,miss,36,1,1,NA,NA,NA,0.14,NA,NA,NA,0,0.5,0,0,0,0,18.775,1,NA
326980,2021-11-01,23:49:01,ODDBALL,BLUE,0.86,6,2,18.775,1,37,0,37,1,293.83280501681975,285.04527519133745,265.2594894261088,325.00797980144137,331,16,1,4,291.7594894261088,238.75948942610881,5,59.74849037533255,53,1.5,0,5,0,11,0,NA,53,38,0.5,19.78578576522864,28.573315590710934,hit,NA,1,1,NA,NA,NA,0.14,NA,NA,NA,0.5,0.5,0,0,0,0,18.775,0,NA
326980,2021-11-01,23:49:01,ODDBALL,BLUE,0.86,6,2,18.775,1,38,0,38,1,294.6344757774908,281.40713671983826,299.6044507460049,265.2594894261088,327,17,1,4,323.1044507460049,276.1044507460049,5,34.34496131989607,47,1.5,0,10,0,4,0,NA,47,39,0.5,18.197314026166623,4.969974968514066,hit,NA,1,1,NA,NA,NA,0.14,NA,NA,NA,0.5,0.5,0,0,0,0,18.775,0,NA
326980,2021-11-01,23:49:01,ODDBALL,BLUE,0.86,6,2,18.775,1,39,0,39,0,293.2405070595734,272.68770234873716,267.24751459973135,299.6044507460049,439,17,2,4,272.24751459973135,262.24751459973135,6,32.35693614627354,10,1.5,0,8,0,5,0,NA,10,40,0,5.4401877490058155,25.99299245984207,miss,NA,1,1,NA,NA,NA,0.14,NA,NA,NA,0,0.5,0,0,0,0,18.775,0,NA
326980,2021-11-01,23:49:01,ODDBALL,BLUE,0.86,6,2,18.775,1,40,0,40,1,290.13447605769625,298.2443279695708,285.94539590092285,267.24751459973135,337,18,2,4,304.44539590092285,267.44539590092285,5,18.6978813011915,37,1.5,0,6,0,12,0,NA,37,41,0.5,12.298932068647957,4.1890801567734,hit,NA,1,1,NA,NA,NA,0.14,NA,NA,NA,0.5,0.5,0,0,0,0,18.775,0,NA
326980,2021-11-01,23:49:01,ODDBALL,BLUE,0.86,6,2,18.775,1,41,0,41,0,289.9387215081304,243.1986827714317,304.47921568612566,285.94539590092285,336,18,3,4,325.47921568612566,283.47921568612566,6,18.53381978520281,42,1.5,0,12,0,16,0,NA,42,42,0,61.280532914693964,14.540494177995242,miss,NA,1,1,NA,NA,NA,0.14,NA,NA,NA,0,0.5,0,0,0,0,18.775,0,NA
326980,2021-11-01,23:49:01,ODDBALL,BLUE,0.86,6,2,18.775,1,42,0,42,1,287.9869432755919,279.1970891489688,265.3275572446106,304.47921568612566,768,19,3,4,282.8275572446106,247.8275572446106,5,39.15165844151505,35,1.5,0,2,0,1,0,NA,35,43,0.5,13.869531904358212,22.659386030981295,hit,NA,1,1,NA,NA,NA,0.14,NA,NA,NA,0.5,0.5,0,0,0,0,18.775,0,NA
326980,2021-11-01,23:49:01,ODDBALL,BLUE,0.86,6,2,18.775,1,43,0,43,0,290.35962390886937,296.192999333696,283.41870808106876,265.3275572446106,386,19,0,4,289.41870808106876,277.41870808106876,6,18.091150836458155,12,1.5,0,6,0,8,0,NA,12,44,0,12.774291252627222,6.940915827800609,miss,NA,1,1,NA,NA,NA,0.14,NA,NA,NA,0,0.5,0,0,0,0,18.775,0,NA
326980,2021-11-01,23:49:01,ODDBALL,BLUE,0.86,6,2,18.775,1,44,0,44,0,285.5374085882311,263.19323722545147,292.91282839677166,283.41870808106876,252,19,1,4,316.41282839677166,269.41282839677166,6,9.4941203157029,47,1.5,0,10,0,6,0,NA,47,45,0,29.71959117132019,7.375419808540585,miss,NA,1,1,NA,NA,NA,0.14,NA,NA,NA,0,0.5,0,0,0,0,18.775,0,NA
326980,2021-11-01,23:49:01,ODDBALL,BLUE,0.86,6,2,18.775,1,45,0,45,1,286.0012370104382,265.4911104978927,279.7824070318073,292.91282839677166,291,20,1,4,300.2824070318073,259.2824070318073,5,13.130421364964377,41,1.5,0,5,0,15,0,NA,41,46,0.5,14.29129653391459,6.218829978630936,hit,NA,1,1,NA,NA,NA,0.14,NA,NA,NA,0.5,0.5,0,0,0,0,18.775,0,NA
326980,2021-11-01,23:49:01,ODDBALL,BLUE,0.86,6,2,18.775,1,46,0,46,0,286.69717569908687,263.92852423633997,283.83282735389776,279.7824070318073,338,20,2,4,292.83282735389776,274.83282735389776,6,4.050420322090474,18,1.5,0,14,0,6,0,NA,18,47,0,19.904303117557788,2.8643483451891143,miss,NA,1,1,NA,NA,NA,0.14,NA,NA,NA,0,0.5,0,0,0,0,18.775,0,NA
326980,2021-11-01,23:49:01,ODDBALL,BLUE,0.86,6,2,18.775,1,47,0,47,0,292.63290012402007,291.25586480817003,276.59287270759427,283.83282735389776,645,20,3,4,284.09287270759427,269.09287270759427,6,7.239954646303488,15,1.5,0,6,0,5,0,NA,15,48,0,14.662992100575764,16.0400274164258,miss,NA,1,1,NA,NA,NA,0.14,NA,NA,NA,0,0.5,0,0,0,0,18.775,0,NA
326980,2021-11-01,23:49:01,ODDBALL,BLUE,0.86,6,2,18.775,1,48,0,48,0,289.3909283524461,286.4950893490695,304.53712082882396,276.59287270759427,168,20,0,4,308.53712082882396,300.53712082882396,6,27.94424812122969,8,1.5,0,6,0,8,0,NA,8,49,0,18.042031479754485,15.146192476377848,miss,NA,1,1,NA,NA,NA,0.14,NA,NA,NA,0,0.5,0,0,0,0,18.775,0,NA
326980,2021-11-01,23:49:01,ODDBALL,BLUE,0.86,6,2,18.775,1,49,0,49,1,289.4590872917095,286.1142734115685,294.39675892658266,304.53712082882396,346,21,0,4,305.89675892658266,282.89675892658266,5,10.140361902241295,23,1.5,0,9,0,16,0,NA,23,50,0.5,8.282485515014173,4.937671634873141,hit,NA,1,1,NA,NA,NA,0.14,NA,NA,NA,0.5,0.5,0,0,0,0,18.775,0,NA
326980,2021-11-01,23:49:01,ODDBALL,BLUE,0.86,6,2,18.775,1,50,0,50,1,282.9795789001524,292.92963234607845,288.7886219821685,294.39675892658266,372,22,0,4,310.2886219821685,267.2886219821685,5,5.608136944414184,43,1.5,0,2,0,1,0,NA,43,51,0.5,4.14101036390997,5.809043082016103,hit,NA,1,1,NA,NA,NA,0.14,NA,NA,NA,0.5,0.5,0,0,0,0,18.775,0,NA
326980,2021-11-01,23:49:01,ODDBALL,BLUE,0.86,6,2,18.775,1,51,0,51,0,284.0691011357268,259.4334342171291,294.42061637864697,288.7886219821685,380,22,1,4,319.42061637864697,269.42061637864697,6,5.63199439647849,50,1.5,0,4,0,8,0,NA,50,52,0,34.987182161517865,10.351515242920186,miss,NA,1,1,NA,NA,NA,0.14,NA,NA,NA,0,0.5,0,0,0,0,18.775,0,NA
326980,2021-11-01,23:49:01,ODDBALL,BLUE,0.86,6,2,18.775,1,52,0,52,1,285.5718093342471,286.2281401191543,273.52561519717443,294.42061637864697,447,23,1,4,299.02561519717443,248.02561519717443,5,20.895001181472537,51,1.5,0,6,0,2,0,NA,51,53,0.5,12.702524921979887,12.046194137072689,hit,NA,1,1,NA,NA,NA,0.14,NA,NA,NA,0.5,0.5,0,0,0,0,18.775,0,NA
326980,2021-11-01,23:49:01,ODDBALL,BLUE,0.86,6,2,18.775,1,53,0,53,0,281.36295493914696,266.3901227685542,291.644435140714,273.52561519717443,412,23,2,4,311.644435140714,271.644435140714,6,18.118819943539563,40,1.5,0,16,0,16,0,NA,40,54,0,25.254312372159802,10.281480201567035,miss,NA,1,1,NA,NA,NA,0.14,NA,NA,NA,0,0.5,0,0,0,0,18.775,0,NA
326980,2021-11-01,23:49:01,ODDBALL,BLUE,0.86,6,2,18.775,1,54,0,54,0,279.64499588035596,290.02739059445673,269.72716501693134,291.644435140714,246,23,3,4,279.22716501693134,260.22716501693134,6,21.917270123782657,19,1.5,0,4,0,16,0,NA,19,55,0,20.300225577525396,9.917830863424626,miss,NA,1,1,NA,NA,NA,0.14,NA,NA,NA,0,0.5,0,0,0,0,18.775,0,NA
326980,2021-11-01,23:49:01,ODDBALL,BLUE,0.86,6,2,18.775,1,55,0,55,1,277.2009762800179,257.7050585945809,270.2728349830681,269.72716501693134,464,24,3,4,293.2728349830681,247.2728349830681,5,0.5456699661367566,46,1.5,0,17,0,14,0,NA,46,56,0.5,12.567776388487175,6.928141296949832,hit,NA,1,1,NA,NA,NA,0.14,NA,NA,NA,0.5,0.5,0,0,0,0,18.775,0,NA
326980,2021-11-01,23:49:01,ODDBALL,BLUE,0.86,6,2,18.775,1,56,0,56,0,274.0768407708072,317.5133123876668,287.469873830377,270.2728349830681,1026,24,0,4,313.969873830377,260.969873830377,6,17.19703884730893,53,1.5,0,13,0,16,0,NA,53,57,0,30.04343855728979,13.393033059569802,miss,NA,1,1,NA,NA,NA,0.14,NA,NA,NA,0,0.5,0,0,0,0,18.775,0,NA
326980,2021-11-01,23:49:01,ODDBALL,BLUE,0.86,6,2,18.775,1,57,0,57,0,278.144880128651,260.3159040383711,291.8542166414575,287.469873830377,489,24,1,4,298.3542166414575,285.3542166414575,6,4.384342811080501,13,1.5,0,16,0,10,0,NA,13,58,0,31.53831260308641,13.709336512806544,miss,NA,1,1,NA,NA,NA,0.14,NA,NA,NA,0,0.5,0,0,0,0,18.775,0,NA
326980,2021-11-01,23:49:01,ODDBALL,BLUE,0.86,6,2,18.775,1,58,0,58,1,274.40284859792524,255.47127689437374,269.71914058531706,291.8542166414575,344,25,1,4,297.21914058531706,242.21914058531706,5,22.135076056140463,55,1.5,0,13,0,3,0,NA,55,59,0.5,14.24786369094332,4.683708012608179,hit,NA,1,1,NA,NA,NA,0.14,NA,NA,NA,0.5,0.5,0,0,0,0,18.775,0,NA
326980,2021-11-01,23:49:01,ODDBALL,BLUE,0.86,6,2,18.775,1,59,1,59,0,274.40284859792524,359.3276151268109,281.85977912094796,269.71914058531706,548,25,2,4,290.35977912094796,273.35977912094796,6,12.140638535630899,17,1.5,0,5,0,10,0,NA,17,60,0,77.46783600586292,7.45693052302272,miss,59,1,1,NA,NA,NA,0.14,NA,NA,NA,0,0.5,0,0,0,0,18.775,1,NA
326980,2021-11-01,23:49:01,ODDBALL,BLUE,0.86,6,2,18.775,1,60,0,60,1,275.4136763701876,261.578279007125,251.30888695464765,281.85977912094796,770,26,2,4,264.8088869546476,237.80888695464765,5,30.550892166300315,27,1.5,0,7,0,9,0,NA,27,61,0.5,10.269392052477343,24.104789415539955,hit,NA,1,1,NA,NA,NA,0.14,NA,NA,NA,0.5,0.5,0,0,0,0,18.775,0,NA
326980,2021-11-01,23:49:01,ODDBALL,BLUE,0.86,6,2,18.775,2,1,0,61,0,203.59028126162636,153.76032002660446,75.77040817878658,251.30888695464765,1182,0,1,17,101.77040817878658,49.77040817878658,6,175.53847877586105,52,13,0,6,0,10,0,NA,52,62,0,77.98991184781788,127.81987308283978,miss,NA,1,1,NA,NA,NA,0.14,NA,NA,NA,0,0.5,0,0,0,0,18.775,0,NA
326980,2021-11-01,23:49:01,ODDBALL,BLUE,0.86,6,2,18.775,2,2,0,62,0,208.77548548117804,194.55802441790553,154.54854943235506,75.77040817878658,183,0,2,17,168.54854943235506,140.54854943235506,6,78.77814125356848,28,13,0,10,0,12,0,NA,28,63,0,40.00947498555047,54.22693604882298,miss,NA,1,1,NA,NA,NA,0.14,NA,NA,NA,0,0.5,0,0,0,0,18.775,0,NA
326980,2021-11-01,23:49:01,ODDBALL,BLUE,0.86,6,2,18.775,2,3,0,63,0,215.99355389449588,225.09033445058444,188.5729983636114,154.54854943235506,355,0,3,17,194.5729983636114,182.5729983636114,6,34.02444893125633,12,13,0,10,0,12,0,NA,12,64,0,36.517336086973046,27.420555530884485,miss,NA,1,1,NA,NA,NA,0.14,NA,NA,NA,0,0.5,0,0,0,0,18.775,0,NA
326980,2021-11-01,23:49:01,ODDBALL,BLUE,0.86,6,2,18.775,2,4,0,64,1,215.2046904718606,211.93568960618623,219.98688624496418,188.5729983636114,161,1,3,17,235.98688624496418,203.98688624496418,5,31.413887881352792,32,13,0,9,0,12,0,NA,32,65,0.5,8.051196638777952,4.782195773103581,hit,NA,1,1,NA,NA,NA,0.14,NA,NA,NA,0.5,0.5,0,0,0,0,18.775,0,NA
326980,2021-11-01,23:49:01,ODDBALL,BLUE,0.86,6,2,18.775,2,5,0,65,1,217.97828232168357,196.35683666957107,199.06257701453984,219.98688624496418,397,2,3,17,228.56257701453984,169.56257701453984,5,20.924309230424342,59,13,0,1,0,1,0,NA,59,66,0.5,2.705740344968774,18.915705307143725,hit,NA,1,1,NA,NA,NA,0.14,NA,NA,NA,0.5,0.5,0,0,0,0,18.775,0,NA
326980,2021-11-01,23:49:01,ODDBALL,BLUE,0.86,6,2,18.775,2,6,1,66,0,217.97828232168357,266.66257507788544,177.7974018382342,199.06257701453984,166,2,0,17,189.7974018382342,165.7974018382342,6,21.265175176305632,24,13,0,14,0,3,0,NA,24,67,0,88.86517323965123,40.18088048344936,miss,6,1,1,NA,NA,NA,0.14,NA,NA,NA,0,0.5,0,0,0,0,18.775,1,NA
326980,2021-11-01,23:49:01,ODDBALL,BLUE,0.86,6,2,18.775,2,7,0,67,0,220.97868209761785,259.32291115037395,215.44191891816007,177.7974018382342,296,2,1,17,234.94191891816007,195.94191891816007,6,37.64451707992586,39,13,0,1,0,1,0,NA,39,68,0,43.880992232213885,5.536763179457779,miss,NA,1,1,NA,NA,NA,0.14,NA,NA,NA,0,0.5,0,0,0,0,18.775,0,NA
326980,2021-11-01,23:49:01,ODDBALL,BLUE,0.86,6,2,18.775,2,8,0,68,0,217.9805458165572,209.826869171636,244.93253656193951,215.44191891816007,348,2,2,17,249.43253656193951,240.43253656193951,6,29.490617643779444,9,13,0,10,0,13,0,NA,9,69,0,35.10566739030352,26.951990745382318,miss,NA,1,1,NA,NA,NA,0.14,NA,NA,NA,0,0.5,0,0,0,0,18.775,0,NA
326980,2021-11-01,23:49:01,ODDBALL,BLUE,0.86,6,2,18.775,2,9,0,69,0,221.79547212759215,229.00315913408238,211.64465903709257,244.93253656193951,201,2,3,17,228.64465903709257,194.64465903709257,6,33.28787752484695,34,13,0,16,0,15,0,NA,34,70,0,17.358500096989815,10.150813090499582,miss,NA,1,1,NA,NA,NA,0.14,NA,NA,NA,0,0.5,0,0,0,0,18.775,0,NA
326980,2021-11-01,23:49:01,ODDBALL,BLUE,0.86,6,2,18.775,2,10,0,70,1,219.52353894160794,202.55193636877982,208.81079374297306,211.64465903709257,398,3,3,17,227.31079374297306,190.31079374297306,5,2.833865294119505,37,13,0,16,0,3,0,NA,37,71,0.5,6.258857374193241,10.712745198634877,hit,NA,1,1,NA,NA,NA,0.14,NA,NA,NA,0.5,0.5,0,0,0,0,18.775,0,NA
326980,2021-11-01,23:49:01,ODDBALL,BLUE,0.86,6,2,18.775,2,11,1,71,0,219.52353894160794,41.54866412318048,185.45391888859126,208.81079374297306,298,3,0,17,212.45391888859126,158.45391888859126,6,23.3568748543818,54,13,0,15,0,9,0,NA,54,72,0,143.90525476541077,34.06962005301668,miss,11,1,1,NA,NA,NA,0.14,NA,NA,NA,0,0.5,0,0,0,0,18.775,1,NA
326980,2021-11-01,23:49:01,ODDBALL,BLUE,0.86,6,2,18.775,2,12,0,72,0,218.61525498838552,196.47482852851238,140.26494675460583,185.45391888859126,461,3,1,17,145.26494675460583,135.26494675460583,6,45.18897213398543,10,13,0,7,0,5,0,NA,10,73,0,56.209881773906545,78.35030823377969,miss,NA,1,1,NA,NA,NA,0.14,NA,NA,NA,0,0.5,0,0,0,0,18.775,0,NA
326980,2021-11-01,23:49:01,ODDBALL,BLUE,0.86,6,2,18.775,2,13,0,73,0,216.18186641670385,234.52196361758516,181.1178245823861,140.26494675460583,553,3,2,17,188.1178245823861,174.1178245823861,6,40.852877827780276,14,13,0,3,0,7,0,NA,14,74,0,53.40413903519905,35.06404183431775,miss,NA,1,1,NA,NA,NA,0.14,NA,NA,NA,0,0.5,0,0,0,0,18.775,0,NA
326980,2021-11-01,23:49:01,ODDBALL,BLUE,0.86,6,2,18.775,2,14,0,74,1,215.97697958421642,207.50214476679298,217.69424046668917,181.1178245823861,476,4,2,17,240.19424046668917,195.19424046668917,5,36.57641588430306,45,13,0,8,0,3,0,NA,45,75,0.5,10.192095699896186,1.7172608824727433,hit,NA,1,1,NA,NA,NA,0.14,NA,NA,NA,0.5,0.5,0,0,0,0,18.775,0,NA
326980,2021-11-01,23:49:01,ODDBALL,BLUE,0.86,6,2,18.775,2,15,1,75,1,215.97697958421642,209.9854031042162,200.05609473657543,217.69424046668917,282,5,2,17,210.05609473657543,190.05609473657543,5,17.638145730113735,20,13,0,17,0,12,0,NA,20,76,0.5,9.929308367640772,15.920884847640991,hit,15,1,1,NA,NA,NA,0.14,NA,NA,NA,0.5,0.5,0,0,0,0,18.775,1,NA
326980,2021-11-01,23:49:01,ODDBALL,BLUE,0.86,6,2,18.775,2,16,1,76,0,215.97697958421642,185.98397390590605,244.72227776444703,200.05609473657543,484,5,3,17,263.72227776444703,225.72227776444703,6,44.6661830278716,38,13,0,10,0,5,0,NA,38,77,0,58.738303858540974,28.745298180230606,miss,16,1,1,NA,NA,NA,0.14,NA,NA,NA,0,0.5,0,0,0,0,18.775,1,NA
326980,2021-11-01,23:49:01,ODDBALL,BLUE,0.86,6,2,18.775,2,17,0,77,0,216.97450709891353,224.50630637867658,186.775656169399,244.72227776444703,228,5,0,17,192.275656169399,181.275656169399,6,57.946621595048015,11,13,0,7,0,6,0,NA,11,78,0,37.73065020927757,30.19885092951452,miss,NA,1,1,NA,NA,NA,0.14,NA,NA,NA,0,0.5,0,0,0,0,18.775,0,NA
326980,2021-11-01,23:49:01,ODDBALL,BLUE,0.86,6,2,18.775,2,18,0,78,1,220.83516086441514,223.27292896495874,206.17965936934493,186.775656169399,352,6,0,17,223.67965936934493,188.67965936934493,5,19.40400319994592,35,13,0,8,0,13,0,NA,35,79,0.5,17.093269595613805,14.655501495070212,hit,NA,1,1,NA,NA,NA,0.14,NA,NA,NA,0.5,0.5,0,0,0,0,18.775,0,NA
326980,2021-11-01,23:49:01,ODDBALL,BLUE,0.86,6,2,18.775,2,19,0,79,0,222.48561939434362,213.9707473390185,166.64662979275897,206.17965936934493,232,6,1,17,182.14662979275897,151.14662979275897,6,39.53302957658596,31,13,0,14,0,12,0,NA,31,80,0,47.324117546259515,55.83898960158464,miss,NA,1,1,NA,NA,NA,0.14,NA,NA,NA,0,0.5,0,0,0,0,18.775,0,NA
326980,2021-11-01,23:49:01,ODDBALL,BLUE,0.86,6,2,18.775,2,20,0,80,0,218.35100605563974,259.1666390129797,191.917675904715,166.64662979275897,399,6,2,17,204.917675904715,178.917675904715,6,25.271046111956025,26,13,0,13,0,14,0,NA,26,81,0,67.24896310826472,26.433330150924746,miss,NA,1,1,NA,NA,NA,0.14,NA,NA,NA,0,0.5,0,0,0,0,18.775,0,NA
326980,2021-11-01,23:49:01,ODDBALL,BLUE,0.86,6,2,18.775,2,21,0,81,1,213.93397836259118,220.5660539637961,217.0875443843995,191.917675904715,630,7,2,17,241.5875443843995,192.5875443843995,5,25.16986847968451,49,13,0,14,0,4,0,NA,49,82,0.5,3.4785095793965866,3.153566021808331,hit,NA,1,1,NA,NA,NA,0.14,NA,NA,NA,0.5,0.5,0,0,0,0,18.775,0,NA
326980,2021-11-01,23:49:01,ODDBALL,BLUE,0.86,6,2,18.775,2,22,1,82,0,213.93397836259118,261.3446923674421,215.76287060016324,217.0875443843995,149,7,3,17,NA,NA,6,1.3246737842362677,NA,13,0,2,0,1,0,NA,5,83,0,45.58182176727888,1.828892237572063,miss,22,1,1,NA,NA,NA,0.14,NA,NA,NA,0,0.5,0,0,0,0,18.775,1,NA
326980,2021-11-01,23:49:01,ODDBALL,BLUE,0.86,6,2,18.775,2,23,0,83,1,212.59762044274558,203.64767925761788,224.0019166565923,215.76287060016324,289,8,3,17,246.0019166565923,202.0019166565923,5,8.23904605642906,44,13,0,16,0,10,0,NA,44,84,0.5,20.35423739897442,11.40429621384672,hit,NA,1,1,NA,NA,NA,0.14,NA,NA,NA,0.5,0.5,0,0,0,0,18.775,0,NA
326980,2021-11-01,23:49:01,ODDBALL,BLUE,0.86,6,2,18.775,2,24,0,84,0,211.9750988032421,227.8706911212391,196.95189424544694,224.0019166565923,235,8,0,17,199.95189424544694,193.95189424544694,6,27.050022411145363,6,13,0,11,0,8,0,NA,6,85,0,30.918796875792168,15.023204557795168,miss,NA,1,1,NA,NA,NA,0.14,NA,NA,NA,0,0.5,0,0,0,0,18.775,0,NA
326980,2021-11-01,23:49:01,ODDBALL,BLUE,0.86,6,2,18.775,2,25,0,85,0,210.10086658988877,162.29126135219,220.7493454253488,196.95189424544694,381,8,1,17,228.7493454253488,212.7493454253488,6,23.797451179901856,16,13,0,9,0,14,0,NA,16,86,0,58.4580840731588,10.648478835460025,miss,NA,1,1,NA,NA,NA,0.14,NA,NA,NA,0,0.5,0,0,0,0,18.775,0,NA
326980,2021-11-01,23:49:01,ODDBALL,BLUE,0.86,6,2,18.775,2,26,0,86,0,209.40364097096278,210.18473191252784,164.99507961713977,220.7493454253488,167,8,2,17,175.99507961713977,153.99507961713977,6,55.75426580820903,22,13,0,14,0,2,0,NA,22,87,0,45.18965229538807,44.40856135382302,miss,NA,1,1,NA,NA,NA,0.14,NA,NA,NA,0,0.5,0,0,0,0,18.775,0,NA
326980,2021-11-01,23:49:01,ODDBALL,BLUE,0.86,6,2,18.775,2,27,0,87,0,208.99817068530666,234.88008993815478,196.72647606631244,164.99507961713977,210,8,3,17,213.22647606631244,180.22647606631244,6,31.731396449172678,33,13,0,1,0,1,0,NA,33,88,0,38.15361387184234,12.271694618994218,miss,NA,1,1,NA,NA,NA,0.14,NA,NA,NA,0,0.5,0,0,0,0,18.775,0,NA
326980,2021-11-01,23:49:01,ODDBALL,BLUE,0.86,6,2,18.775,2,28,0,88,1,210.5877932820526,232.42753405034316,219.48508840875496,196.72647606631244,276,9,3,17,247.48508840875496,191.48508840875496,5,22.758612342442518,56,13,0,3,0,1,0,NA,56,89,0.5,12.942445641588193,8.897295126702375,hit,NA,1,1,NA,NA,NA,0.14,NA,NA,NA,0.5,0.5,0,0,0,0,18.775,0,NA
326980,2021-11-01,23:49:01,ODDBALL,BLUE,0.86,6,2,18.775,2,29,0,89,1,216.76502312409798,228.01920207441452,212.18679404096255,219.48508840875496,208,10,3,17,233.18679404096255,191.18679404096255,5,7.298294367792408,42,13,0,14,0,14,0,NA,42,90,0.5,15.83240803345197,4.578229083135426,hit,NA,1,1,NA,NA,NA,0.14,NA,NA,NA,0.5,0.5,0,0,0,0,18.775,0,NA
326980,2021-11-01,23:49:01,ODDBALL,BLUE,0.86,6,2,18.775,2,30,0,90,0,212.39090552155443,188.11938573161484,223.63141919304687,212.18679404096255,266,10,0,17,253.63141919304687,193.63141919304687,6,11.444625152084313,60,13,0,12,0,8,0,NA,60,91,0,35.512033461432026,11.240513671492437,miss,NA,1,1,NA,NA,NA,0.14,NA,NA,NA,0,0.5,0,0,0,0,18.775,0,NA
326980,2021-11-01,23:49:01,ODDBALL,BLUE,0.86,6,2,18.775,2,31,0,91,0,207.73125779275793,185.83615920523283,192.82878287145542,223.63141919304687,552,10,1,17,196.32878287145542,189.32878287145542,6,30.80263632159145,7,13,0,7,0,13,0,NA,7,92,0,6.992623666222585,14.902474921302513,miss,NA,1,1,NA,NA,NA,0.14,NA,NA,NA,0,0.5,0,0,0,0,18.775,0,NA
326980,2021-11-01,23:49:01,ODDBALL,BLUE,0.86,6,2,18.775,2,32,1,92,0,207.73125779275793,119.22280462440634,182.25679392645105,192.82878287145542,183,10,2,17,200.25679392645105,164.25679392645105,6,10.571988945004364,36,13,0,11,0,12,0,NA,36,93,0,63.033989302044716,25.474463866306877,miss,32,1,1,NA,NA,NA,0.14,NA,NA,NA,0,0.5,0,0,0,0,18.775,1,NA
326980,2021-11-01,23:49:01,ODDBALL,BLUE,0.86,6,2,18.775,2,33,0,93,0,207.7962314496907,219.16134337160537,157.42297300996853,182.25679392645105,729,10,3,17,169.92297300996853,144.92297300996853,6,24.833820916482523,25,13,0,2,0,1,0,NA,25,94,0,61.73837036163684,50.37325843972218,miss,NA,1,1,NA,NA,NA,0.14,NA,NA,NA,0,0.5,0,0,0,0,18.775,0,NA
326980,2021-11-01,23:49:01,ODDBALL,BLUE,0.86,6,2,18.775,2,34,0,94,1,206.96182994958625,188.14864721614316,202.72628343546148,157.42297300996853,539,11,3,17,226.72628343546148,178.72628343546148,5,45.30331042549295,48,13,0,6,0,13,0,NA,48,95,0.5,14.577636219318322,4.2355465141247635,hit,NA,1,1,NA,NA,NA,0.14,NA,NA,NA,0.5,0.5,0,0,0,0,18.775,0,NA
326980,2021-11-01,23:49:01,ODDBALL,BLUE,0.86,6,2,18.775,2,35,0,95,1,205.15130027069284,217.89478947106028,207.56356932715713,202.72628343546148,801,12,3,17,218.06356932715713,197.06356932715713,5,4.837285891695643,21,13,0,2,0,1,0,NA,21,96,0.5,10.331220143903153,2.4122690564642824,hit,NA,1,1,NA,NA,NA,0.14,NA,NA,NA,0.5,0.5,0,0,0,0,18.775,0,NA
326980,2021-11-01,23:49:01,ODDBALL,BLUE,0.86,6,2,18.775,2,36,0,96,1,200.01558678801402,197.71057143996197,217.03824910899192,207.56356932715713,367,13,3,17,245.53824910899192,188.53824910899192,5,9.474679781834794,57,13,0,2,0,1,0,NA,57,97,0.5,19.327677669029953,17.0226623209779,hit,NA,1,1,NA,NA,NA,0.14,NA,NA,NA,0.5,0.5,0,0,0,0,18.775,0,NA
326980,2021-11-01,23:49:01,ODDBALL,BLUE,0.86,6,2,18.775,2,37,0,97,1,201.57819505081653,211.67097367187085,216.86989764584402,217.03824910899192,143,14,3,17,231.36989764584402,202.36989764584402,5,0.16835146314789995,29,13,0,8,0,14,0,NA,29,98,0.5,5.198923973973166,15.291702595027488,hit,NA,1,1,NA,NA,NA,0.14,NA,NA,NA,0.5,0.5,0,0,0,0,18.775,0,NA
326980,2021-11-01,23:49:01,ODDBALL,BLUE,0.86,6,2,18.775,2,38,0,98,1,203.66383596343022,203.59672502564396,216.47899683322083,216.86989764584402,339,15,3,17,231.47899683322083,201.47899683322083,5,0.39090081262318677,30,13,0,13,0,3,0,NA,30,99,0.5,12.88227180757687,12.815160869790617,hit,NA,1,1,NA,NA,NA,0.14,NA,NA,NA,0.5,0.5,0,0,0,0,18.775,0,NA
326980,2021-11-01,23:49:01,ODDBALL,BLUE,0.86,6,2,18.775,2,39,0,99,1,203.29650211954095,213.56911377517255,208.3391320358959,216.47899683322083,269,16,3,17,237.3391320358959,179.3391320358959,5,8.139864797324947,58,13,0,4,0,14,0,NA,58,100,0.5,5.229981739276667,5.04262991635494,hit,NA,1,1,NA,NA,NA,0.14,NA,NA,NA,0.5,0.5,0,0,0,0,18.775,0,NA
326980,2021-11-01,23:49:01,ODDBALL,BLUE,0.86,6,2,18.775,2,40,0,100,1,202.98861832295097,203.22177313668047,208.3391320358959,208.3391320358959,124,17,3,17,235.3391320358959,181.3391320358959,5,0,54,13,0,15,0,6,0,NA,54,101,0.5,5.117358899215418,5.350513712944917,hit,NA,1,1,NA,NA,NA,0.14,NA,NA,NA,0.5,0.5,0,0,0,0,18.775,0,NA
326980,2021-11-01,23:49:01,ODDBALL,BLUE,0.86,6,2,18.775,2,41,0,101,0,203.69132029510257,193.6827323647526,201.26544963290627,208.3391320358959,182,17,0,17,206.76544963290627,195.76544963290627,6,7.073682402989618,11,13,0,16,0,3,0,NA,11,102,0,7.582717268153658,2.425870662196303,miss,NA,1,1,NA,NA,NA,0.14,NA,NA,NA,0,0.5,0,0,0,0,18.775,0,NA
326980,2021-11-01,23:49:01,ODDBALL,BLUE,0.86,6,2,18.775,2,42,0,102,1,201.81965726027903,199.53208031285766,192.31306345898946,201.26544963290627,111,18,0,17,202.31306345898946,182.31306345898946,5,8.952386173916807,20,13,0,1,0,1,0,NA,20,103,0.5,7.219016853868197,9.506593801289569,hit,NA,1,1,NA,NA,NA,0.14,NA,NA,NA,0.5,0.5,0,0,0,0,18.775,0,NA
326980,2021-11-01,23:49:01,ODDBALL,BLUE,0.86,6,2,18.775,2,43,0,103,1,200.95135412135636,189.03532355448368,197.10272896905238,192.31306345898946,681,19,0,17,211.60272896905238,182.60272896905238,5,4.7896655100629175,29,13,0,4,0,17,0,NA,29,104,0.5,8.067405414568697,3.848625152303981,hit,NA,1,1,NA,NA,NA,0.14,NA,NA,NA,0.5,0.5,0,0,0,0,18.775,0,NA
326980,2021-11-01,23:49:01,ODDBALL,BLUE,0.86,6,2,18.775,2,44,0,104,1,199.49936767573976,183.16490398312303,196.83393082067917,197.10272896905238,314,20,0,17,223.33393082067917,170.33393082067917,5,0.26879814837320737,53,13,0,4,0,12,0,NA,53,105,0.5,13.669026837556146,2.665436855060591,hit,NA,1,1,NA,NA,NA,0.14,NA,NA,NA,0.5,0.5,0,0,0,0,18.775,0,NA
326980,2021-11-01,23:49:01,ODDBALL,BLUE,0.86,6,2,18.775,2,45,1,105,0,199.49936767573976,68.93245402465865,211.83528243268458,196.83393082067917,515,20,1,17,230.83528243268458,192.83528243268458,6,15.001351612005408,38,13,0,1,0,1,0,NA,38,106,0,142.90282840802593,12.335914756944817,miss,45,1,1,NA,NA,NA,0.14,NA,NA,NA,0,0.5,0,0,0,0,18.775,1,NA
326980,2021-11-01,23:49:01,ODDBALL,BLUE,0.86,6,2,18.775,2,46,1,106,0,199.49936767573976,170.24637787841408,213.61357120359082,211.83528243268458,483,20,2,17,235.11357120359082,192.11357120359082,6,1.7782887709062436,43,13,0,1,0,1,0,NA,43,107,0,43.36719332517674,14.11420352785106,miss,46,1,1,NA,NA,NA,0.14,NA,NA,NA,0,0.5,0,0,0,0,18.775,1,NA
326980,2021-11-01,23:49:01,ODDBALL,BLUE,0.86,6,2,18.775,2,47,0,107,1,200.34434126905796,187.26953510439625,207.5745639596944,213.61357120359082,613,21,2,17,236.5745639596944,178.5745639596944,5,6.039007243896435,58,13,0,6,0,8,0,NA,58,108,0.5,20.305028855298133,7.230222690636424,hit,NA,1,1,NA,NA,NA,0.14,NA,NA,NA,0.5,0.5,0,0,0,0,18.775,0,NA
326980,2021-11-01,23:49:01,ODDBALL,BLUE,0.86,6,2,18.775,2,48,0,108,0,200.84719309993756,185.05032487730665,206.93549286558837,207.5745639596944,1558,21,3,17,209.93549286558837,203.93549286558837,6,0.6390710941060149,6,13,0,9,0,6,0,NA,6,109,0,21.885167988281722,6.088299765650817,miss,NA,1,1,NA,NA,NA,0.14,NA,NA,NA,0,0.5,0,0,0,0,18.775,0,NA
326980,2021-11-01,23:49:01,ODDBALL,BLUE,0.86,6,2,18.775,2,49,0,109,1,197.8043565995175,198.20596218499512,195.90617908328727,206.93549286558837,943,22,3,17,207.90617908328727,183.90617908328727,5,11.029313782301102,24,13,0,8,0,16,0,NA,24,110,0.5,2.2997831017078454,1.89817751623022,hit,NA,1,1,NA,NA,NA,0.14,NA,NA,NA,0.5,0.5,0,0,0,0,18.775,0,NA
326980,2021-11-01,23:49:01,ODDBALL,BLUE,0.86,6,2,18.775,2,50,1,110,0,197.8043565995175,123.81783376536747,196.67255779926148,195.90617908328727,515,22,0,17,209.17255779926148,184.17255779926148,6,0.7663787159742128,25,13,0,3,0,1,0,NA,25,111,0,72.85472403389402,1.131798800256007,miss,50,1,1,NA,NA,NA,0.14,NA,NA,NA,0,0.5,0,0,0,0,18.775,1,NA
326980,2021-11-01,23:49:01,ODDBALL,BLUE,0.86,6,2,18.775,2,51,0,111,1,196.7520673858469,182.4111290534908,184.1646726518659,196.67255779926148,964,23,0,17,207.6646726518659,160.6646726518659,5,12.50788514739557,47,13,0,13,0,6,0,NA,47,112,0.5,1.7535435983751029,12.587394733981,hit,NA,1,1,NA,NA,NA,0.14,NA,NA,NA,0.5,0.5,0,0,0,0,18.775,0,NA
326980,2021-11-01,23:49:01,ODDBALL,BLUE,0.86,6,2,18.775,2,52,1,112,0,196.7520673858469,136.19663129006435,184.1646726518659,184.1646726518659,386,23,1,17,206.6646726518659,161.6646726518659,6,0,45,13,0,6,0,10,0,NA,45,113,0,47.96804136180157,12.587394733981,miss,52,1,1,NA,NA,NA,0.14,NA,NA,NA,0,0.5,0,0,0,0,18.775,1,NA
326980,2021-11-01,23:49:01,ODDBALL,BLUE,0.86,6,2,18.775,2,53,0,113,0,198.02667377890634,193.09619611497126,151.83009896785003,184.1646726518659,971,23,2,17,171.33009896785003,132.33009896785003,6,32.33457368401588,39,13,0,9,0,15,0,NA,39,114,0,41.26609714712123,46.19657481105631,miss,NA,1,1,NA,NA,NA,0.14,NA,NA,NA,0,0.5,0,0,0,0,18.775,0,NA
326980,2021-11-01,23:49:01,ODDBALL,BLUE,0.86,6,2,18.775,2,54,0,114,0,199.78662139821844,232.5342171374276,173.53592568062317,151.83009896785003,647,23,3,17,181.53592568062317,165.53592568062317,6,21.70582671277313,16,13,0,15,0,15,0,NA,16,115,0,58.998291456804424,26.250695717595278,miss,NA,1,1,NA,NA,NA,0.14,NA,NA,NA,0,0.5,0,0,0,0,18.775,0,NA
326980,2021-11-01,23:49:01,ODDBALL,BLUE,0.86,6,2,18.775,2,55,0,115,0,199.10811873465587,176.65526868178372,194.30555184662197,173.53592568062317,164,23,0,17,209.30555184662197,179.30555184662197,6,20.7696261659988,30,13,0,16,0,5,0,NA,30,116,0,17.650283164838243,4.802566888033908,miss,NA,1,1,NA,NA,NA,0.14,NA,NA,NA,0,0.5,0,0,0,0,18.775,0,NA
326980,2021-11-01,23:49:01,ODDBALL,BLUE,0.86,6,2,18.775,2,56,0,116,0,197.2945758861859,202.72874737079871,194.30555184662197,194.30555184662197,182,23,1,17,197.80555184662197,190.80555184662197,6,0,7,13,0,4,0,6,0,NA,7,117,0,8.423195524176748,2.9890240395639296,miss,NA,1,1,NA,NA,NA,0.14,NA,NA,NA,0,0.5,0,0,0,0,18.775,0,NA
326980,2021-11-01,23:49:01,ODDBALL,BLUE,0.86,6,2,18.775,2,57,0,117,1,197.90382669803094,186.754777525504,201.6978941888391,194.30555184662197,115,24,1,17,231.6978941888391,171.6978941888391,5,7.39234234221712,60,13,0,9,0,16,0,NA,60,118,0.5,14.943116663335076,3.794067490808146,hit,NA,1,1,NA,NA,NA,0.14,NA,NA,NA,0.5,0.5,0,0,0,0,18.775,0,NA
326980,2021-11-01,23:49:01,ODDBALL,BLUE,0.86,6,2,18.775,2,58,0,118,0,195.72042802204484,216.0751960651612,184.0444855741811,201.6978941888391,177,24,2,17,204.0444855741811,164.0444855741811,6,17.65340861465799,40,13,0,16,0,3,0,NA,40,119,0,32.03071049098011,11.675942447863747,miss,NA,1,1,NA,NA,NA,0.14,NA,NA,NA,0,0.5,0,0,0,0,18.775,0,NA
326980,2021-11-01,23:49:01,ODDBALL,BLUE,0.86,6,2,18.775,2,59,0,119,1,194.66834752116918,191.80964191522673,196.75286684773698,184.0444855741811,169,25,2,17,208.25286684773698,185.25286684773698,5,12.708381273555887,23,13,0,4,0,2,0,NA,23,120,0.5,4.9432249325102475,2.0845193265678006,hit,NA,1,1,NA,NA,NA,0.14,NA,NA,NA,0.5,0.5,0,0,0,0,18.775,0,NA
326980,2021-11-01,23:49:01,ODDBALL,BLUE,0.86,6,2,18.775,2,60,0,120,1,198.5284592579709,202.53659275568793,186.21563589970265,196.75286684773698,640,26,2,17,213.71563589970265,158.71563589970265,5,10.537230948034335,55,13,0,1,0,1,0,NA,55,121,0.5,16.320956855985287,12.312823358268247,hit,NA,1,1,NA,NA,NA,0.14,NA,NA,NA,0.5,0.5,0,0,0,0,18.775,0,NA
326980,2021-11-01,23:49:01,ODDBALL,BLUE,0.86,6,2,18.775,3,1,0,121,1,202.69350073465532,212.62460922058065,200.6181881231045,186.21563589970265,1328,1,0,30,217.1181881231045,184.1181881231045,5,14.402552223401841,33,13,0,8,0,16,0,NA,33,122,0.5,12.006421097476164,2.075312611550828,hit,NA,1,1,NA,NA,NA,0.14,NA,NA,NA,0.5,0.5,0,0,0,0,18.775,0,NA
326980,2021-11-01,23:49:01,ODDBALL,BLUE,0.86,6,2,18.775,3,2,0,122,1,205.70817461167707,209.41620395201392,204.24021718965815,200.6181881231045,204,2,0,30,227.24021718965815,181.24021718965815,5,3.622029066553665,46,13,0,15,0,15,0,NA,46,123,0.5,5.1759867623557625,1.4679574220189124,hit,NA,1,1,NA,NA,NA,0.14,NA,NA,NA,0.5,0.5,0,0,0,0,18.775,0,NA
326980,2021-11-01,23:49:01,ODDBALL,BLUE,0.86,6,2,18.775,3,3,0,123,0,204.89259450741795,220.24878700480133,176.56636963754937,204.24021718965815,145,2,1,30,183.56636963754937,169.56636963754937,6,27.673847552108782,14,13,0,15,0,5,0,NA,14,124,0,43.68241736725196,28.326224869868582,miss,NA,1,1,NA,NA,NA,0.14,NA,NA,NA,0,0.5,0,0,0,0,18.775,0,NA
326980,2021-11-01,23:49:01,ODDBALL,BLUE,0.86,6,2,18.775,3,4,0,124,1,206.24905864318606,208.92192661669236,201.69510946079689,176.56636963754937,263,3,1,30,214.69510946079689,188.69510946079689,5,25.128739823247514,26,13,0,1,0,1,0,NA,26,125,0.5,7.226817155895475,4.553949182389175,hit,NA,1,1,NA,NA,NA,0.14,NA,NA,NA,0.5,0.5,0,0,0,0,18.775,0,NA
326980,2021-11-01,23:49:01,ODDBALL,BLUE,0.86,6,2,18.775,3,5,0,125,0,202.6435743331881,216.4462984621472,145.1179946038591,201.69510946079689,479,3,2,30,171.1179946038591,119.1179946038591,6,56.57711485693778,52,13,0,3,0,15,0,NA,52,126,0,71.32830385828811,57.525579729328996,miss,NA,1,1,NA,NA,NA,0.14,NA,NA,NA,0,0.5,0,0,0,0,18.775,0,NA
326980,2021-11-01,23:49:01,ODDBALL,BLUE,0.86,6,2,18.775,3,6,0,126,1,204.0823982468421,202.46476383904707,208.26124144157237,145.1179946038591,307,4,2,30,217.76124144157237,198.76124144157237,5,63.143246837713264,19,13,0,1,0,1,0,NA,19,127,0.5,5.7964776025253,4.178843194730263,hit,NA,1,1,NA,NA,NA,0.14,NA,NA,NA,0.5,0.5,0,0,0,0,18.775,0,NA
326980,2021-11-01,23:49:01,ODDBALL,BLUE,0.86,6,2,18.775,3,7,1,127,0,204.0823982468421,346.0348760862916,230.4884393072851,208.26124144157237,165,4,3,30,252.4884393072851,208.4884393072851,6,22.227197865712725,44,13,0,17,0,4,0,NA,44,128,0,115.54643677900651,26.406041060442988,miss,7,1,1,NA,NA,NA,0.14,NA,NA,NA,0,0.5,0,0,0,0,18.775,1,NA
326980,2021-11-01,23:49:01,ODDBALL,BLUE,0.86,6,2,18.775,3,8,1,128,0,204.0823982468421,103.89476934072906,295.7784308621892,230.4884393072851,251,4,0,30,313.7784308621892,277.7784308621892,6,65.28999155490413,36,13,0,16,0,12,0,NA,36,129,0,168.11633847853983,91.69603261534712,miss,8,1,1,NA,NA,NA,0.14,NA,NA,NA,0,0.5,0,0,0,0,18.775,1,NA
326980,2021-11-01,23:49:01,ODDBALL,BLUE,0.86,6,2,18.775,3,9,0,129,0,200.90904008318708,188.99741702631405,111.19405648154229,295.7784308621892,486,4,1,30,136.6940564815423,85.69405648154229,6,175.41562561935308,51,13,0,12,0,6,0,NA,51,130,0,77.80336054477176,89.71498360164479,miss,NA,1,1,NA,NA,NA,0.14,NA,NA,NA,0,0.5,0,0,0,0,18.775,0,NA
326980,2021-11-01,23:49:01,ODDBALL,BLUE,0.86,6,2,18.775,3,10,0,130,0,201.3116201826874,210.75088954291803,229.51913771470646,111.19405648154229,522,4,2,30,240.51913771470646,218.51913771470646,6,118.32508123316417,22,13,0,4,0,11,0,NA,22,131,0,18.76824817178843,28.207517532019068,miss,NA,1,1,NA,NA,NA,0.14,NA,NA,NA,0,0.5,0,0,0,0,18.775,0,NA
326980,2021-11-01,23:49:01,ODDBALL,BLUE,0.86,6,2,18.775,3,11,0,131,0,204.2814675809327,212.46510978880224,259.27961975375024,229.51913771470646,494,4,3,30,273.27961975375024,245.27961975375024,6,29.76048203904378,28,13,0,14,0,8,0,NA,28,132,0,46.814509964948,54.99815217281753,miss,NA,1,1,NA,NA,NA,0.14,NA,NA,NA,0,0.5,0,0,0,0,18.775,0,NA
326980,2021-11-01,23:49:01,ODDBALL,BLUE,0.86,6,2,18.775,3,12,0,132,0,206.08644877211174,181.45526248922565,211.1972343738638,259.27961975375024,517,4,0,30,239.1972343738638,183.1972343738638,6,48.08238537988643,56,13,0,7,0,13,0,NA,56,133,0,29.74197188463816,5.11078560175207,miss,NA,1,1,NA,NA,NA,0.14,NA,NA,NA,0,0.5,0,0,0,0,18.775,0,NA
326980,2021-11-01,23:49:01,ODDBALL,BLUE,0.86,6,2,18.775,3,13,0,133,1,210.51332376240487,200.6677191106302,198.43494882292202,211.1972343738638,323,5,0,30,207.43494882292202,189.43494882292202,5,12.762285550941783,18,13,0,14,0,6,0,NA,18,134,0.5,2.2327702877081776,12.078374939482842,hit,NA,1,1,NA,NA,NA,0.14,NA,NA,NA,0.5,0.5,0,0,0,0,18.775,0,NA
326980,2021-11-01,23:49:01,ODDBALL,BLUE,0.86,6,2,18.775,3,14,0,134,1,210.10553604614742,243.91304588275628,227.00253313182688,198.43494882292202,338,6,0,30,255.50253313182688,198.50253313182688,5,28.567584308904856,57,13,0,8,0,15,0,NA,57,135,0.5,16.9105127509294,16.89699708567946,hit,NA,1,1,NA,NA,NA,0.14,NA,NA,NA,0.5,0.5,0,0,0,0,18.775,0,NA
326980,2021-11-01,23:49:01,ODDBALL,BLUE,0.86,6,2,18.775,3,15,0,135,0,211.18126962088715,213.36806558773927,293.4542105235872,227.00253313182688,301,6,1,30,309.4542105235872,277.4542105235872,6,66.45167739176034,32,13,0,17,0,9,0,NA,32,136,0,80.08614493584795,82.27294090270007,miss,NA,1,1,NA,NA,NA,0.14,NA,NA,NA,0,0.5,0,0,0,0,18.775,0,NA
326980,2021-11-01,23:49:01,ODDBALL,BLUE,0.86,6,2,18.775,3,16,0,136,1,212.99393385438415,198.65492618168602,212.14588263101106,293.4542105235872,543,7,1,30,229.14588263101106,195.14588263101106,5,81.30832789257616,34,13,0,10,0,16,0,NA,34,137,0.5,13.49095644932504,0.8480512233730906,hit,NA,1,1,NA,NA,NA,0.14,NA,NA,NA,0.5,0.5,0,0,0,0,18.775,0,NA
326980,2021-11-01,23:49:01,ODDBALL,BLUE,0.86,6,2,18.775,3,17,1,137,0,212.99393385438415,73.0932264852089,203.3440109615775,212.14588263101106,340,7,2,30,228.3440109615775,178.3440109615775,6,8.801871669433552,50,13,0,14,0,4,0,NA,50,138,0,130.2507844763686,9.649922892806643,miss,17,1,1,NA,NA,NA,0.14,NA,NA,NA,0,0.5,0,0,0,0,18.775,1,NA
326980,2021-11-01,23:49:01,ODDBALL,BLUE,0.86,6,2,18.775,3,18,0,138,1,208.23089918519733,223.85574675764335,237.1237382477894,203.3440109615775,210,8,2,30,261.1237382477894,213.1237382477894,5,33.77972728621188,48,13,0,7,0,7,0,NA,48,139,0.5,13.267991490146045,28.89283906259206,hit,NA,1,1,NA,NA,NA,0.14,NA,NA,NA,0.5,0.5,0,0,0,0,18.775,0,NA
326980,2021-11-01,23:49:01,ODDBALL,BLUE,0.86,6,2,18.775,3,19,0,139,1,208.68830260756582,194.17716449351974,217.20792192178158,237.1237382477894,492,9,2,30,246.70792192178158,187.70792192178158,5,19.915816326007814,59,13,0,8,0,5,0,NA,59,140,0.5,23.030757428261836,8.51961931421576,hit,NA,1,1,NA,NA,NA,0.14,NA,NA,NA,0.5,0.5,0,0,0,0,18.775,0,NA
326980,2021-11-01,23:49:01,ODDBALL,BLUE,0.86,6,2,18.775,3,20,1,140,0,208.68830260756582,39.12092893363929,203.46402240470746,217.20792192178158,318,9,3,30,221.96402240470746,184.96402240470746,6,13.743899517074112,37,13,0,4,0,12,0,NA,37,141,0,164.3430934710682,5.224280202858353,miss,20,1,1,NA,NA,NA,0.14,NA,NA,NA,0,0.5,0,0,0,0,18.775,1,NA
326980,2021-11-01,23:49:01,ODDBALL,BLUE,0.86,6,2,18.775,3,21,0,141,0,211.57070304448357,216.24948024226944,242.30673139111005,203.46402240470746,268,9,0,30,259.80673139111,224.80673139111005,6,38.842708986402585,35,13,0,16,0,11,0,NA,35,142,0,26.057251148840606,30.736028346626483,miss,NA,1,1,NA,NA,NA,0.14,NA,NA,NA,0,0.5,0,0,0,0,18.775,0,NA
326980,2021-11-01,23:49:01,ODDBALL,BLUE,0.86,6,2,18.775,3,22,0,142,1,212.25289820444152,214.61402994718202,212.94921511659044,242.30673139111005,279,10,0,30,233.94921511659044,191.94921511659044,5,29.35751627451961,42,13,0,9,0,5,0,NA,42,143,0.5,1.664814830591581,0.6963169121489159,hit,NA,1,1,NA,NA,NA,0.14,NA,NA,NA,0.5,0.5,0,0,0,0,18.775,0,NA
326980,2021-11-01,23:49:01,ODDBALL,BLUE,0.86,6,2,18.775,3,23,0,143,0,214.34440222815738,218.96840598941426,212.24997416418364,212.94921511659044,91,10,1,30,217.24997416418364,207.24997416418364,6,0.6992409524067966,10,13,0,7,0,15,0,NA,10,144,0,6.718431825230624,2.094428063973737,miss,NA,1,1,NA,NA,NA,0.14,NA,NA,NA,0,0.5,0,0,0,0,18.775,0,NA
326980,2021-11-01,23:49:01,ODDBALL,BLUE,0.86,6,2,18.775,3,24,0,144,1,214.67190658072983,223.9558863565169,231.3828225263712,212.24997416418364,736,11,1,30,246.8828225263712,215.8828225263712,5,19.13284836218756,31,13,0,3,0,1,0,NA,31,145,0.5,7.426936169854287,16.710915945641375,hit,NA,1,1,NA,NA,NA,0.14,NA,NA,NA,0.5,0.5,0,0,0,0,18.775,0,NA
326980,2021-11-01,23:49:01,ODDBALL,BLUE,0.86,6,2,18.775,3,25,0,145,0,212.74269622986913,202.77350731863967,213.76687147396234,231.3828225263712,566,11,2,30,220.26687147396234,207.26687147396234,6,17.61595105240886,13,13,0,1,0,1,0,NA,13,146,0,10.993364155322666,1.0241752440932146,miss,NA,1,1,NA,NA,NA,0.14,NA,NA,NA,0,0.5,0,0,0,0,18.775,0,NA
326980,2021-11-01,23:49:01,ODDBALL,BLUE,0.86,6,2,18.775,3,26,1,146,0,212.74269622986913,188.9052360572166,208.393019421383,213.76687147396234,148,11,3,30,221.893019421383,194.893019421383,6,5.373852052579338,27,13,0,1,0,1,0,NA,27,147,0,19.487783364166404,4.349676808486123,miss,26,1,1,NA,NA,NA,0.14,NA,NA,NA,0,0.5,0,0,0,0,18.775,1,NA
326980,2021-11-01,23:49:01,ODDBALL,BLUE,0.86,6,2,18.775,3,27,0,147,0,219.5342485738079,214.9846317958275,204.07549825507883,208.393019421383,154,11,0,30,214.57549825507883,193.57549825507883,6,4.317521166304175,21,13,0,8,0,13,0,NA,21,148,0,10.909133540748684,15.458750318729074,miss,NA,1,1,NA,NA,NA,0.14,NA,NA,NA,0,0.5,0,0,0,0,18.775,0,NA
326980,2021-11-01,23:49:01,ODDBALL,BLUE,0.86,6,2,18.775,3,28,0,148,0,219.89228995899137,192.7873003382877,215.98679564435727,204.07549825507883,364,11,1,30,223.48679564435727,208.48679564435727,6,11.911297389278445,15,13,0,13,0,17,0,NA,15,149,0,23.199495306069565,3.9054943146340975,miss,NA,1,1,NA,NA,NA,0.14,NA,NA,NA,0,0.5,0,0,0,0,18.775,0,NA
326980,2021-11-01,23:49:01,ODDBALL,BLUE,0.86,6,2,18.775,3,29,0,149,0,221.67079408063762,235.94193281642254,206.30983781146938,215.98679564435727,296,11,2,30,214.80983781146938,197.80983781146938,6,9.676957832887894,17,13,0,16,0,11,0,NA,17,150,0,29.632095004953158,15.360956269168241,miss,NA,1,1,NA,NA,NA,0.14,NA,NA,NA,0,0.5,0,0,0,0,18.775,0,NA
326980,2021-11-01,23:49:01,ODDBALL,BLUE,0.86,6,2,18.775,3,30,0,150,1,221.73625250184136,220.68849757280134,212.42755499577248,206.30983781146938,77,12,2,30,236.92755499577248,187.92755499577248,5,6.117717184303103,49,13,0,1,0,1,0,NA,49,151,0.5,8.260942577028857,9.308697506068881,hit,NA,1,1,NA,NA,NA,0.14,NA,NA,NA,0.5,0.5,0,0,0,0,18.775,0,NA
326980,2021-11-01,23:49:01,ODDBALL,BLUE,0.86,6,2,18.775,3,31,1,151,0,221.73625250184136,262.2988697007063,224.40934278535332,212.42755499577248,169,12,3,30,228.90934278535332,219.90934278535332,6,11.981787789580835,9,13,0,7,0,8,0,NA,9,152,0,37.889526915352974,2.6730902835119537,miss,31,1,1,NA,NA,NA,0.14,NA,NA,NA,0,0.5,0,0,0,0,18.775,1,NA
326980,2021-11-01,23:49:01,ODDBALL,BLUE,0.86,6,2,18.775,3,32,0,152,0,223.9468055514786,201.7771226910125,227.95077910900636,224.40934278535332,316,12,0,30,233.95077910900636,221.95077910900636,6,3.541436323653045,12,13,0,10,0,16,0,NA,12,153,0,26.173656417993868,4.0039735575277575,miss,NA,1,1,NA,NA,NA,0.14,NA,NA,NA,0,0.5,0,0,0,0,18.775,0,NA
326980,2021-11-01,23:49:01,ODDBALL,BLUE,0.86,6,2,18.775,3,33,0,153,0,218.7353090191538,213.71022643946748,218.14169927622802,227.95077910900636,226,12,1,30,NA,NA,6,9.809079832778338,NA,13,0,16,0,13,0,NA,5,154,0,4.431472836760548,0.5936097429257643,miss,NA,1,1,NA,NA,NA,0.14,NA,NA,NA,0,0.5,0,0,0,0,18.775,0,NA
326980,2021-11-01,23:49:01,ODDBALL,BLUE,0.86,6,2,18.775,3,34,0,154,0,221.588612524919,222.16940374134523,209.3271794904568,218.14169927622802,246,12,2,30,213.3271794904568,205.3271794904568,6,8.81451978577121,8,13,0,2,0,1,0,NA,8,155,0,12.842224250888421,12.261433034462186,miss,NA,1,1,NA,NA,NA,0.14,NA,NA,NA,0,0.5,0,0,0,0,18.775,0,NA
326980,2021-11-01,23:49:01,ODDBALL,BLUE,0.86,6,2,18.775,3,35,0,155,1,220.76140033942906,230.44223122026577,219.84012825304052,NA,511,13,2,30,240.34012825304052,199.34012825304052,5,140.15987174695948,41,13,0,0,0,8,0,NA,41,157,0.5,10.60210296722525,0.9212720863885409,hit,NA,1,1,NA,NA,NA,0.14,NA,NA,NA,0.5,0.5,0,0,0,0,18.775,0,NA
326980,2021-11-01,23:49:01,ODDBALL,BLUE,0.86,6,2,18.775,3,36,0,156,1,226.15415250164475,229.57166616838327,220.83349511445132,219.84012825304052,632,14,2,30,238.33349511445132,203.33349511445132,5,0.9933668614108058,35,13,0,3,0,1,0,NA,35,158,0.5,8.73817105393195,5.320657387193421,hit,NA,1,1,NA,NA,NA,0.14,NA,NA,NA,0.5,0.5,0,0,0,0,18.775,0,NA
326980,2021-11-01,23:49:01,ODDBALL,BLUE,0.86,6,2,18.775,3,37,0,157,1,227.69111711543218,229.7558877567779,219.80557109226518,220.83349511445132,460,15,2,30,235.30557109226518,204.30557109226518,5,1.0279240221861414,31,13,0,1,0,1,0,NA,31,159,0.5,9.950316664512712,7.885546023166995,hit,NA,1,1,NA,NA,NA,0.14,NA,NA,NA,0.5,0.5,0,0,0,0,18.775,0,NA
326980,2021-11-01,23:49:01,ODDBALL,BLUE,0.86,6,2,18.775,3,38,0,158,0,227.27345143773096,246.48714232208488,210.72241095228682,219.80557109226518,830,15,3,30,236.72241095228682,184.72241095228682,6,9.08316013997836,52,13,0,6,0,7,0,NA,52,160,0,35.764731369798056,16.551040485444133,miss,NA,1,1,NA,NA,NA,0.14,NA,NA,NA,0,0.5,0,0,0,0,18.775,0,NA
326980,2021-11-01,23:49:01,ODDBALL,BLUE,0.86,6,2,18.775,3,39,0,159,1,224.0258533613574,215.82243979010823,223.12825503471123,210.72241095228682,758,16,3,30,243.12825503471123,203.12825503471123,5,12.405844082424409,40,13,0,6,0,14,0,NA,40,161,0.5,7.3058152446029965,0.8975983266461753,hit,NA,1,1,NA,NA,NA,0.14,NA,NA,NA,0.5,0.5,0,0,0,0,18.775,0,NA
326980,2021-11-01,23:49:01,ODDBALL,BLUE,0.86,6,2,18.775,3,40,1,160,0,224.0258533613574,240.7324732282973,214.6409475119163,223.12825503471123,649,16,0,30,225.1409475119163,204.1409475119163,6,8.487307522794936,21,13,0,1,0,1,0,NA,21,162,0,26.091525716381,9.384905849441111,miss,40,1,1,NA,NA,NA,0.14,NA,NA,NA,0,0.5,0,0,0,0,18.775,1,NA
326980,2021-11-01,23:49:01,ODDBALL,BLUE,0.86,6,2,18.775,3,41,0,161,1,224.85350046158044,236.78474456305472,226.61353893288117,214.6409475119163,873,17,0,30,243.61353893288117,209.61353893288117,5,11.972591420964875,34,13,0,14,0,12,0,NA,34,163,0.5,10.171205630173546,1.7600384713007315,hit,NA,1,1,NA,NA,NA,0.14,NA,NA,NA,0.5,0.5,0,0,0,0,18.775,0,NA
326980,2021-11-01,23:49:01,ODDBALL,BLUE,0.86,6,2,18.775,3,42,0,162,1,227.90948828430803,234.88522288285984,223.63141919304687,226.61353893288117,1275,18,0,30,242.13141919304687,205.13141919304687,5,2.982119739834303,37,13,0,15,0,17,0,NA,37,164,0.5,11.253803689812969,4.278069091261159,hit,NA,1,1,NA,NA,NA,0.14,NA,NA,NA,0.5,0.5,0,0,0,0,18.775,0,NA
326980,2021-11-01,23:49:01,ODDBALL,BLUE,0.86,6,2,18.775,3,43,0,163,1,226.95788807958166,211.60319085564194,223.22853025996594,223.63141919304687,896,19,0,30,237.72853025996594,208.72853025996594,5,0.40288893308093066,29,13,0,2,0,1,0,NA,29,165,0.5,11.625339404323995,3.7293578196157284,hit,NA,1,1,NA,NA,NA,0.14,NA,NA,NA,0.5,0.5,0,0,0,0,18.775,0,NA
326980,2021-11-01,23:49:01,ODDBALL,BLUE,0.86,6,2,18.775,3,44,0,164,1,230.2461225562548,221.52571559900935,221.21242644944098,223.22853025996594,2008,20,0,30,234.21242644944098,208.21242644944098,5,2.016103810524953,26,13,0,17,0,3,0,NA,26,166,0.5,0.3132891495683623,9.033696106813807,hit,NA,1,1,NA,NA,NA,0.14,NA,NA,NA,0.5,0.5,0,0,0,0,18.775,0,NA
326980,2021-11-01,23:49:01,ODDBALL,BLUE,0.86,6,2,18.775,3,45,0,165,0,233.21398388667924,290.21888463735047,220.11159905187526,221.21242644944098,647,20,1,30,229.61159905187526,210.61159905187526,6,1.1008273975657232,19,13,0,6,0,4,0,NA,19,167,0,70.10728558547521,13.102384834803985,miss,NA,1,1,NA,NA,NA,0.14,NA,NA,NA,0,0.5,0,0,0,0,18.775,0,NA
326980,2021-11-01,23:49:01,ODDBALL,BLUE,0.86,6,2,18.775,3,46,0,166,0,229.49788852893892,271.27083236740174,225.37943670141897,220.11159905187526,805,20,2,30,238.87943670141897,211.87943670141897,6,5.267837649543708,27,13,0,16,0,2,0,NA,27,168,0,45.89139566598277,4.118451827519948,miss,NA,1,1,NA,NA,NA,0.14,NA,NA,NA,0,0.5,0,0,0,0,18.775,0,NA
326980,2021-11-01,23:49:01,ODDBALL,BLUE,0.86,6,2,18.775,3,47,0,167,1,229.69930038536307,222.62365356054144,231.42602805549572,225.37943670141897,578,21,2,30,258.42602805549575,204.42602805549572,5,6.046591354076753,54,13,0,1,0,2,0,NA,54,169,0.5,8.802374494954279,1.7267276701326466,hit,NA,1,1,NA,NA,NA,0.14,NA,NA,NA,0.5,0.5,0,0,0,0,18.775,0,NA
326980,2021-11-01,23:49:01,ODDBALL,BLUE,0.86,6,2,18.775,3,48,0,168,0,232.72395472767238,258.71039200312214,227.4406379257615,231.42602805549572,292,21,3,30,250.4406379257615,204.4406379257615,6,3.9853901297342134,46,13,0,8,0,2,0,NA,46,170,0,31.26975407736063,5.283316801910871,miss,NA,1,1,NA,NA,NA,0.14,NA,NA,NA,0,0.5,0,0,0,0,18.775,0,NA
326980,2021-11-01,23:49:01,ODDBALL,BLUE,0.86,6,2,18.775,3,49,0,169,0,229.3240299871007,261.99976775160786,228.9387390838512,227.4406379257615,220,21,0,30,232.4387390838512,225.4387390838512,6,1.4981011580896961,7,13,0,5,0,2,0,NA,7,171,0,33.06102866775666,0.38529090324948356,miss,NA,1,1,NA,NA,NA,0.14,NA,NA,NA,0,0.5,0,0,0,0,18.775,0,NA
326980,2021-11-01,23:49:01,ODDBALL,BLUE,0.86,6,2,18.775,3,50,0,170,0,229.66615629660237,239.28419432764474,218.53018001482684,228.9387390838512,105,21,1,30,238.03018001482684,199.03018001482684,6,10.408559069024363,39,13,0,2,0,1,0,NA,39,172,0,20.7540143128179,11.135976281775527,miss,NA,1,1,NA,NA,NA,0.14,NA,NA,NA,0,0.5,0,0,0,0,18.775,0,NA
326980,2021-11-01,23:49:01,ODDBALL,BLUE,0.86,6,2,18.775,3,51,0,171,1,228.2582377158165,235.6440911375025,225.37943670141897,218.53018001482684,165,22,1,30,248.87943670141897,201.87943670141897,5,6.849256686592128,47,13,0,1,0,1,0,NA,47,173,0.5,10.264654436083532,2.8788010143975384,hit,NA,1,1,NA,NA,NA,0.14,NA,NA,NA,0.5,0.5,0,0,0,0,18.775,0,NA
326980,2021-11-01,23:49:01,ODDBALL,BLUE,0.86,6,2,18.775,3,52,0,172,1,227.9005254619306,241.92899145180323,221.02750405924934,225.37943670141897,233,23,1,30,245.52750405924934,196.52750405924934,5,4.351932642169629,49,13,0,13,0,10,0,NA,49,174,0.5,20.90148739255389,6.873021402681275,hit,NA,1,1,NA,NA,NA,0.14,NA,NA,NA,0.5,0.5,0,0,0,0,18.775,0,NA
326980,2021-11-01,23:49:01,ODDBALL,BLUE,0.86,6,2,18.775,3,53,1,173,0,227.9005254619306,255.71931551576577,220.36453657309735,221.02750405924934,174,23,2,30,250.36453657309735,190.36453657309735,6,0.6629674861519845,60,13,0,10,0,12,0,NA,60,175,0,35.35477894266842,7.535988888833259,miss,53,1,1,NA,NA,NA,0.14,NA,NA,NA,0,0.5,0,0,0,0,18.775,1,NA
326980,2021-11-01,23:49:01,ODDBALL,BLUE,0.86,6,2,18.775,3,54,0,174,0,238.61569544422795,264.03922411320326,227.4716647616334,220.36453657309735,40,23,3,30,239.4716647616334,215.4716647616334,6,7.107128188536052,24,13,0,14,0,12,0,NA,24,176,0,36.567559351569855,11.144030682594547,miss,NA,1,1,NA,NA,NA,0.14,NA,NA,NA,0,0.5,0,0,0,0,18.775,0,NA
326980,2021-11-01,23:49:01,ODDBALL,BLUE,0.86,6,2,18.775,3,55,0,175,0,238.8051051492797,221.48932836640057,240.5663178248568,227.4716647616334,100,23,0,30,258.5663178248568,222.5663178248568,6,13.094653063223404,36,13,0,10,0,2,0,NA,36,177,0,19.07698945845624,1.7612126755770987,miss,NA,1,1,NA,NA,NA,0.14,NA,NA,NA,0,0.5,0,0,0,0,18.775,0,NA
326980,2021-11-01,23:49:01,ODDBALL,BLUE,0.86,6,2,18.775,3,56,0,176,1,239.06364644351575,222.68399807098166,220.8150838748816,240.5663178248568,44,24,0,30,230.8150838748816,210.8150838748816,5,19.751233949975216,20,13,0,6,0,2,0,NA,20,178,0.5,1.8689141961000644,18.248562568634156,hit,NA,1,1,NA,NA,NA,0.14,NA,NA,NA,0.5,0.5,0,0,0,0,18.775,0,NA
326980,2021-11-01,23:49:01,ODDBALL,BLUE,0.86,6,2,18.775,3,57,0,177,0,242.8052094095315,245.15407485668123,221.05481377096243,220.8150838748816,0,24,1,30,226.05481377096243,216.05481377096243,6,0.2397298960808314,10,13,0,17,0,0,0,NA,10,179,0,24.09926108571881,21.750395638569074,miss,NA,1,1,NA,NA,NA,0.14,NA,NA,NA,0,0.5,0,0,0,0,18.775,0,NA
326980,2021-11-01,23:49:01,ODDBALL,BLUE,0.86,6,2,18.775,3,58,0,178,1,240.15003774646456,242.97602541965355,222.2920825141338,221.05481377096243,176,25,1,30,243.2920825141338,201.2920825141338,5,1.23726874317137,42,13,0,17,0,4,0,NA,42,180,0.5,20.683942905519757,17.857955232330767,hit,NA,1,1,NA,NA,NA,0.14,NA,NA,NA,0.5,0.5,0,0,0,0,18.775,0,NA
326980,2021-11-01,23:49:01,ODDBALL,BLUE,0.86,6,2,18.775,3,59,0,179,0,241.12217662617005,265.4722193101894,225.2010369978346,222.2920825141338,77,25,2,30,239.2010369978346,211.2010369978346,6,2.9089544837007963,28,13,0,1,0,1,0,NA,28,181,0,40.271182312354824,15.921139628335453,miss,NA,1,1,NA,NA,NA,0.14,NA,NA,NA,0,0.5,0,0,0,0,18.775,0,NA
326980,2021-11-01,23:49:01,ODDBALL,BLUE,0.86,6,2,18.775,3,60,0,180,1,240.0785749682978,248.0901535619955,235.70284759615924,225.2010369978346,57,26,2,30,260.70284759615924,210.70284759615924,5,10.501810598324653,50,13,0,15,0,10,0,NA,50,182,0.5,12.387305965836248,4.375727372138556,hit,NA,1,1,NA,NA,NA,0.14,NA,NA,NA,0.5,0.5,0,0,0,0,18.775,0,NA
326980,2021-11-01,23:49:01,ODDBALL,BLUE,0.86,6,2,18.775,4,1,0,181,0,232.91812577754078,250.59138479583206,212.40866509175683,235.70284759615924,1996,0,1,43,223.40866509175683,201.40866509175683,6,23.294182504402414,22,13,0,9,0,3,0,NA,22,183,0,38.182719704075225,20.50946068578395,miss,NA,1,1,NA,NA,NA,0.14,NA,NA,NA,0,0.5,0,0,0,0,18.775,0,NA
326980,2021-11-01,23:49:01,ODDBALL,BLUE,0.86,6,2,18.775,4,2,0,182,1,235.3702237050197,234.26884140217433,205.23000984394176,212.40866509175683,240,1,1,43,234.73000984394176,175.73000984394176,5,7.1786552478150725,59,13,0,3,0,1,0,NA,59,184,0.5,29.038831558232573,30.14021386107794,hit,NA,1,1,NA,NA,NA,0.14,NA,NA,NA,0.5,0.5,0,0,0,0,18.775,0,NA
326980,2021-11-01,23:49:01,ODDBALL,BLUE,0.86,6,2,18.775,4,3,0,183,0,231.61339908239998,215.01357009857315,244.62843824690407,205.23000984394176,1096,1,2,43,263.62843824690407,225.62843824690407,6,39.39842840296231,38,13,0,1,0,1,0,NA,38,185,0,29.614868148330913,13.015039164504088,miss,NA,1,1,NA,NA,NA,0.14,NA,NA,NA,0,0.5,0,0,0,0,18.775,0,NA
326980,2021-11-01,23:49:01,ODDBALL,BLUE,0.86,6,2,18.775,4,4,0,184,0,228.98324569681037,234.5894199118968,219.65694424142484,244.62843824690407,266,1,3,43,231.15694424142484,208.15694424142484,6,24.97149400547923,23,13,0,15,0,12,0,NA,23,186,0,14.932475670471973,9.326301455385533,miss,NA,1,1,NA,NA,NA,0.14,NA,NA,NA,0,0.5,0,0,0,0,18.775,0,NA
326980,2021-11-01,23:49:01,ODDBALL,BLUE,0.86,6,2,18.775,4,5,0,185,1,229.87596161316884,238.65765886007492,225.19554797627086,219.65694424142484,338,2,3,43,240.19554797627086,210.19554797627086,5,5.538603734846021,30,13,0,1,0,1,0,NA,30,187,0.5,13.462110883804058,4.680413636897981,hit,NA,1,1,NA,NA,NA,0.14,NA,NA,NA,0.5,0.5,0,0,0,0,18.775,0,NA
326980,2021-11-01,23:49:01,ODDBALL,BLUE,0.86,6,2,18.775,4,6,1,186,0,229.87596161316884,187.38007694188974,225.19554797627086,225.19554797627086,325,2,0,43,229.19554797627086,221.19554797627086,6,0,8,13,0,4,0,11,0,NA,8,188,0,37.81547103438112,4.680413636897981,miss,6,1,1,NA,NA,NA,0.14,NA,NA,NA,0,0.5,0,0,0,0,18.775,1,NA
326980,2021-11-01,23:49:01,ODDBALL,BLUE,0.86,6,2,18.775,4,7,0,187,0,234.25048649813164,254.84564368489188,213.04812486997523,225.19554797627086,239,2,1,43,217.54812486997523,208.54812486997523,6,12.147423106295633,9,13,0,10,0,8,0,NA,9,189,0,41.79751881491666,21.20236162815641,miss,NA,1,1,NA,NA,NA,0.14,NA,NA,NA,0,0.5,0,0,0,0,18.775,0,NA
326980,2021-11-01,23:49:01,ODDBALL,BLUE,0.86,6,2,18.775,4,8,0,188,1,231.32303107489142,218.5825954685966,224.59933674420785,213.04812486997523,171,3,1,43,252.09933674420785,197.09933674420785,5,11.55121187423262,55,13,0,10,0,13,0,NA,55,190,0.5,6.016741275611253,6.723694330683571,hit,NA,1,1,NA,NA,NA,0.14,NA,NA,NA,0.5,0.5,0,0,0,0,18.775,0,NA
326980,2021-11-01,23:49:01,ODDBALL,BLUE,0.86,6,2,18.775,4,9,1,189,0,231.32303107489142,21.39217819585283,219.40844224424282,224.59933674420785,53,3,2,43,244.90844224424282,193.90844224424282,6,5.190894499965026,51,13,0,12,0,7,0,NA,51,191,0,161.98373595161002,11.914588830648597,miss,9,1,1,NA,NA,NA,0.14,NA,NA,NA,0,0.5,0,0,0,0,18.775,1,NA
326980,2021-11-01,23:49:01,ODDBALL,BLUE,0.86,6,2,18.775,4,10,0,190,0,237.32727130248102,248.076897181461,214.62415507994893,219.40844224424282,383,3,3,43,221.12415507994893,208.12415507994893,6,4.784287164293886,13,13,0,7,0,9,0,NA,13,192,0,33.45274210151206,22.70311622253209,miss,NA,1,1,NA,NA,NA,0.14,NA,NA,NA,0,0.5,0,0,0,0,18.775,0,NA
326980,2021-11-01,23:49:01,ODDBALL,BLUE,0.86,6,2,18.775,4,11,0,191,0,239.69855700560947,186.87912753107742,222.008169254031,214.62415507994893,220,3,0,43,238.008169254031,206.008169254031,6,7.384014174082068,32,13,0,11,0,11,0,NA,32,193,0,35.12904172295359,17.69038775157847,miss,NA,1,1,NA,NA,NA,0.14,NA,NA,NA,0,0.5,0,0,0,0,18.775,0,NA
326980,2021-11-01,23:49:01,ODDBALL,BLUE,0.86,6,2,18.775,4,12,0,192,0,240.58754262548854,264.3734943156113,222.008169254031,222.008169254031,101,3,1,43,229.008169254031,215.008169254031,6,0,14,13,0,12,0,4,0,NA,14,194,0,42.36532506158031,18.579373371457535,miss,NA,1,1,NA,NA,NA,0.14,NA,NA,NA,0,0.5,0,0,0,0,18.775,0,NA
326980,2021-11-01,23:49:01,ODDBALL,BLUE,0.86,6,2,18.775,4,13,0,193,0,242.25724732583402,236.85717373979776,263.01329546333307,222.008169254031,515,3,2,43,269.01329546333307,257.01329546333307,6,41.00512620930206,12,13,0,3,0,1,0,NA,12,195,0,26.156121723535307,20.75604813749905,miss,NA,1,1,NA,NA,NA,0.14,NA,NA,NA,0,0.5,0,0,0,0,18.775,0,NA
326980,2021-11-01,23:49:01,ODDBALL,BLUE,0.86,6,2,18.775,4,14,0,194,1,243.1662725129907,229.36539680697481,240.6728205095432,263.01329546333307,213,4,2,43,267.17282050954316,214.1728205095432,5,22.34047495378988,53,13,0,9,0,9,0,NA,53,196,0.5,11.307423702568371,2.4934520034475156,hit,NA,1,1,NA,NA,NA,0.14,NA,NA,NA,0.5,0.5,0,0,0,0,18.775,0,NA
326980,2021-11-01,23:49:01,ODDBALL,BLUE,0.86,6,2,18.775,4,15,0,195,0,242.7804503552553,225.68596718164116,220.72605390240307,240.6728205095432,168,4,3,43,223.72605390240307,217.72605390240307,6,19.94676660714012,6,13,0,1,0,1,0,NA,6,197,0,4.959913279238094,22.054396452852245,miss,NA,1,1,NA,NA,NA,0.14,NA,NA,NA,0,0.5,0,0,0,0,18.775,0,NA
326980,2021-11-01,23:49:01,ODDBALL,BLUE,0.86,6,2,18.775,4,16,0,196,1,244.06473096937125,224.9059676850975,200.7540713187994,220.72605390240307,128,5,3,43,228.7540713187994,172.7540713187994,5,19.971982583603676,56,13,0,13,0,4,0,NA,56,198,0.5,24.151896366298104,43.310659650571864,hit,NA,1,1,NA,NA,NA,0.14,NA,NA,NA,0.5,0.5,0,0,0,0,18.775,0,NA
326980,2021-11-01,23:49:01,ODDBALL,BLUE,0.86,6,2,18.775,4,17,0,197,0,239.53437002066173,253.91842508712526,225.39513704250749,200.7540713187994,496,5,0,43,245.89513704250749,204.89513704250749,6,24.641065723708095,41,13,0,5,0,14,0,NA,41,199,0,28.52328804461777,14.13923297815424,miss,NA,1,1,NA,NA,NA,0.14,NA,NA,NA,0,0.5,0,0,0,0,18.775,0,NA
326980,2021-11-01,23:49:01,ODDBALL,BLUE,0.86,6,2,18.775,4,18,0,198,1,238.3034969741716,256.1909684885193,254.2830246012653,225.39513704250749,229,6,0,43,283.2830246012653,225.2830246012653,5,28.887887558757825,58,13,0,10,0,10,0,NA,58,200,0.5,1.907943887253964,15.979527627093717,hit,NA,1,1,NA,NA,NA,0.14,NA,NA,NA,0.5,0.5,0,0,0,0,18.775,0,NA
326980,2021-11-01,23:49:01,ODDBALL,BLUE,0.86,6,2,18.775,4,19,0,199,0,236.67411441681006,232.41090519374652,270.2808594146834,254.2830246012653,16,6,1,43,277.7808594146834,262.7808594146834,6,15.99783481341808,15,13,0,12,0,9,0,NA,15,201,0,37.869954220936876,33.606744997873335,miss,NA,1,1,NA,NA,NA,0.14,NA,NA,NA,0,0.5,0,0,0,0,18.775,0,NA
326980,2021-11-01,23:49:01,ODDBALL,BLUE,0.86,6,2,18.775,4,20,0,200,0,236.65066905641268,259.3824583234276,230.76988505787966,270.2808594146834,255,6,2,43,243.26988505787966,218.26988505787966,6,39.51097435680373,25,13,0,9,0,5,0,NA,25,202,0,28.61257326554795,5.880783998533019,miss,NA,1,1,NA,NA,NA,0.14,NA,NA,NA,0,0.5,0,0,0,0,18.775,0,NA
326980,2021-11-01,23:49:01,ODDBALL,BLUE,0.86,6,2,18.775,4,21,0,201,0,235.29842953856814,197.56966024598876,230.51491159124504,230.76988505787966,30,6,3,43,238.51491159124504,222.51491159124504,6,0.25497346663462395,16,13,0,1,0,1,0,NA,16,203,0,32.94525134525628,4.783517947323105,miss,NA,1,1,NA,NA,NA,0.14,NA,NA,NA,0,0.5,0,0,0,0,18.775,0,NA
326980,2021-11-01,23:49:01,ODDBALL,BLUE,0.86,6,2,18.775,4,22,0,202,0,236.61865063222663,252.59834168498693,208.1873737645758,230.51491159124504,220,6,0,43,230.1873737645758,186.1873737645758,6,22.327537826669243,44,13,0,1,0,1,0,NA,44,204,0,44.41096792041114,28.431276867650837,miss,NA,1,1,NA,NA,NA,0.14,NA,NA,NA,0,0.5,0,0,0,0,18.775,0,NA
326980,2021-11-01,23:49:01,ODDBALL,BLUE,0.86,6,2,18.775,4,23,0,203,0,238.89106275837983,256.36252479862935,223.25253519376693,208.1873737645758,296,6,1,43,NA,NA,6,15.065161429191136,NA,13,0,17,0,10,0,NA,5,205,0,33.10998960486242,15.6385275646129,miss,NA,1,1,NA,NA,NA,0.14,NA,NA,NA,0,0.5,0,0,0,0,18.775,0,NA
326980,2021-11-01,23:49:01,ODDBALL,BLUE,0.86,6,2,18.775,4,24,0,204,1,240.2181203344616,240.28623423888513,242.02841541861858,223.25253519376693,481,7,1,43,264.5284154186186,219.52841541861858,5,18.775880224851647,45,13,0,11,0,6,0,NA,45,206,0.5,1.7421811797334499,1.8102950841569907,hit,NA,1,1,NA,NA,NA,0.14,NA,NA,NA,0.5,0.5,0,0,0,0,18.775,0,NA
326980,2021-11-01,23:49:01,ODDBALL,BLUE,0.86,6,2,18.775,4,25,0,205,1,242.07210939145241,237.66082923786507,235.84030545433058,242.02841541861858,306,8,1,43,264.3403054543306,207.34030545433058,5,6.188109964288003,57,13,0,8,0,3,0,NA,57,207,0.5,1.8205237835344974,6.231803937121839,hit,NA,1,1,NA,NA,NA,0.14,NA,NA,NA,0.5,0.5,0,0,0,0,18.775,0,NA
326980,2021-11-01,23:49:01,ODDBALL,BLUE,0.86,6,2,18.775,4,26,0,206,0,239.60539112192305,211.07243678601716,235.84030545433058,235.84030545433058,211,8,2,43,259.8403054543306,211.84030545433058,6,0,48,13,0,4,0,5,0,NA,48,208,0,24.76786866831341,3.765085667592473,miss,NA,1,1,NA,NA,NA,0.14,NA,NA,NA,0,0.5,0,0,0,0,18.775,0,NA
326980,2021-11-01,23:49:01,ODDBALL,BLUE,0.86,6,2,18.775,4,27,0,207,0,242.08037394446544,262.5322053987767,235.84030545433058,235.84030545433058,56,8,3,43,241.34030545433058,230.34030545433058,6,0,11,13,0,6,0,2,0,NA,11,209,0,26.691899944446106,6.24006849013486,miss,NA,1,1,NA,NA,NA,0.14,NA,NA,NA,0,0.5,0,0,0,0,18.775,0,NA
326980,2021-11-01,23:49:01,ODDBALL,BLUE,0.86,6,2,18.775,4,28,0,208,0,242.5659553235182,210.80198250682858,238.0829906748111,235.84030545433058,271,8,0,43,246.5829906748111,229.5829906748111,6,2.2426852204805243,17,13,0,2,0,1,0,NA,17,210,0,27.28100816798252,4.48296464870711,miss,NA,1,1,NA,NA,NA,0.14,NA,NA,NA,0,0.5,0,0,0,0,18.775,0,NA
326980,2021-11-01,23:49:01,ODDBALL,BLUE,0.86,6,2,18.775,4,29,0,209,1,240.5951905666633,229.37391509236636,228.6782387219934,238.0829906748111,448,9,0,43,245.1782387219934,212.1782387219934,5,9.40475195281769,33,13,0,15,0,13,0,NA,33,211,0.5,0.6956763703729507,11.916951844669882,hit,NA,1,1,NA,NA,NA,0.14,NA,NA,NA,0.5,0.5,0,0,0,0,18.775,0,NA
326980,2021-11-01,23:49:01,ODDBALL,BLUE,0.86,6,2,18.775,4,30,0,210,1,243.34126622645826,232.20100831994134,244.79887635452494,228.6782387219934,352,10,0,43,266.29887635452496,223.29887635452494,5,16.120637632531526,43,13,0,1,0,1,0,NA,43,212,0.5,12.597868034583598,1.4576101280666762,hit,NA,1,1,NA,NA,NA,0.14,NA,NA,NA,0.5,0.5,0,0,0,0,18.775,0,NA
326980,2021-11-01,23:49:01,ODDBALL,BLUE,0.86,6,2,18.775,4,31,1,211,0,243.34126622645826,165.02113263239644,221.94440654224707,244.79887635452494,237,10,1,43,230.94440654224707,212.94440654224707,6,22.85446981227787,18,13,0,5,0,2,0,NA,18,213,0,56.92327390985062,21.396859684211194,miss,31,1,1,NA,NA,NA,0.14,NA,NA,NA,0,0.5,0,0,0,0,18.775,1,NA
326980,2021-11-01,23:49:01,ODDBALL,BLUE,0.86,6,2,18.775,4,32,0,212,1,248.71780659076168,238.567703302672,225.19291435353304,221.94440654224707,352,11,1,43,247.69291435353304,202.69291435353304,5,3.2485078112859753,45,13,0,3,0,1,0,NA,45,214,0.5,13.374788949138946,23.52489223722864,hit,NA,1,1,NA,NA,NA,0.14,NA,NA,NA,0.5,0.5,0,0,0,0,18.775,0,NA
326980,2021-11-01,23:49:01,ODDBALL,BLUE,0.86,6,2,18.775,4,33,0,213,1,249.39279576849827,228.5409990696973,230.78724296403152,225.19291435353304,198,12,1,43,245.28724296403152,216.28724296403152,5,5.594328610498479,29,13,0,1,0,1,0,NA,29,215,0.5,2.2462438943342136,18.605552804466754,hit,NA,1,1,NA,NA,NA,0.14,NA,NA,NA,0.5,0.5,0,0,0,0,18.775,0,NA
326980,2021-11-01,23:49:01,ODDBALL,BLUE,0.86,6,2,18.775,4,34,0,214,1,248.35631160341663,222.90105589036602,230.78724296403152,230.78724296403152,230,13,1,43,245.78724296403152,215.78724296403152,5,0,30,13,0,9,0,7,0,NA,30,216,0.5,7.886187073665496,17.569068639385108,hit,NA,1,1,NA,NA,NA,0.14,NA,NA,NA,0.5,0.5,0,0,0,0,18.775,0,NA
326980,2021-11-01,23:49:01,ODDBALL,BLUE,0.86,6,2,18.775,4,35,0,215,0,245.44751426724594,255.83037373309108,231.77956794514995,230.78724296403152,519,13,2,43,245.77956794514995,217.77956794514995,6,0.9923249811184292,28,13,0,10,0,4,0,NA,28,217,0,24.05080578794113,13.667946322095986,miss,NA,1,1,NA,NA,NA,0.14,NA,NA,NA,0,0.5,0,0,0,0,18.775,0,NA
326980,2021-11-01,23:49:01,ODDBALL,BLUE,0.86,6,2,18.775,4,36,0,216,0,243.58802140395764,246.29742317394692,235.60743087277478,231.77956794514995,182,13,3,43,245.60743087277478,225.60743087277478,6,3.8278629276248353,20,13,0,3,0,1,0,NA,20,218,0,10.68999230117214,7.980590531182855,miss,NA,1,1,NA,NA,NA,0.14,NA,NA,NA,0,0.5,0,0,0,0,18.775,0,NA
326980,2021-11-01,23:49:01,ODDBALL,BLUE,0.86,6,2,18.775,4,37,0,217,1,248.56442073132854,231.22705315794877,235.60743087277478,235.60743087277478,59,14,3,43,248.60743087277478,222.60743087277478,5,0,26,13,0,3,0,1,0,NA,26,219,0.5,4.380377714826011,12.956989858553754,hit,NA,1,1,NA,NA,NA,0.14,NA,NA,NA,0.5,0.5,0,0,0,0,18.775,0,NA
326980,2021-11-01,23:49:01,ODDBALL,BLUE,0.86,6,2,18.775,4,38,1,218,0,248.56442073132854,339.7496160538284,235.60743087277478,235.60743087277478,184,14,0,43,257.1074308727748,214.10743087277478,6,0,43,13,0,1,0,1,0,NA,43,220,0,104.1421851810536,12.956989858553754,miss,38,1,1,NA,NA,NA,0.14,NA,NA,NA,0,0.5,0,0,0,0,18.775,1,NA
326980,2021-11-01,23:49:01,ODDBALL,BLUE,0.86,6,2,18.775,4,39,0,219,0,244.40356520762285,226.83691521976183,235.9981217862674,235.60743087277478,389,14,1,43,242.4981217862674,229.4981217862674,6,0.39069091349261953,13,13,0,16,0,16,0,NA,13,221,0,9.16120656650557,8.405443421355443,miss,NA,1,1,NA,NA,NA,0.14,NA,NA,NA,0,0.5,0,0,0,0,18.775,0,NA
326980,2021-11-01,23:49:01,ODDBALL,BLUE,0.86,6,2,18.775,4,40,0,220,0,243.2295513872557,238.99396895616923,228.4376649923652,235.9981217862674,117,14,2,43,232.4376649923652,224.4376649923652,6,7.560456793902205,8,13,0,16,0,7,0,NA,8,222,0,10.556303963804027,14.791886394890497,miss,NA,1,1,NA,NA,NA,0.14,NA,NA,NA,0,0.5,0,0,0,0,18.775,0,NA
326980,2021-11-01,23:49:01,ODDBALL,BLUE,0.86,6,2,18.775,4,41,0,221,0,246.14767936729777,287.0841192268424,233.67317404787977,228.4376649923652,140,14,3,43,241.67317404787977,225.67317404787977,6,5.235509055514569,16,13,0,6,0,11,0,NA,16,223,0,53.410945178962635,12.474505319418,miss,NA,1,1,NA,NA,NA,0.14,NA,NA,NA,0,0.5,0,0,0,0,18.775,0,NA
326980,2021-11-01,23:49:01,ODDBALL,BLUE,0.86,6,2,18.775,4,42,0,222,1,243.76224426867986,226.08131483281022,233.89254870824814,233.67317404787977,73,15,3,43,245.89254870824814,221.89254870824814,5,0.2193746603683735,24,13,0,1,0,1,0,NA,24,224,0.5,7.811233875437921,9.869695560431722,hit,NA,1,1,NA,NA,NA,0.14,NA,NA,NA,0.5,0.5,0,0,0,0,18.775,0,NA
326980,2021-11-01,23:49:01,ODDBALL,BLUE,0.86,6,2,18.775,4,43,0,223,0,245.73283066206253,236.25543949151438,247.68055960702492,233.89254870824814,621,15,0,43,NA,NA,6,13.788010898776776,NA,13,0,9,0,8,0,NA,5,225,0,11.425120115510538,1.9477289449623925,miss,NA,1,1,NA,NA,NA,0.14,NA,NA,NA,0,0.5,0,0,0,0,18.775,0,NA
326980,2021-11-01,23:49:01,ODDBALL,BLUE,0.86,6,2,18.775,4,44,0,224,0,246.03880359959172,279.47625726635283,237.63021606257664,247.68055960702492,204,15,1,43,247.13021606257664,228.13021606257664,6,10.050343544448282,19,13,0,7,0,6,0,NA,19,226,0,41.846041203776196,8.40858753701508,miss,NA,1,1,NA,NA,NA,0.14,NA,NA,NA,0,0.5,0,0,0,0,18.775,0,NA
326980,2021-11-01,23:49:01,ODDBALL,BLUE,0.86,6,2,18.775,4,45,1,225,0,246.03880359959172,75.3103721410293,234.2726017772003,237.63021606257664,503,15,2,43,242.7726017772003,225.7726017772003,6,3.357614285376343,17,13,0,7,0,16,0,NA,17,227,0,158.962229636171,11.766201822391423,miss,45,1,1,NA,NA,NA,0.14,NA,NA,NA,0,0.5,0,0,0,0,18.775,1,NA
326980,2021-11-01,23:49:01,ODDBALL,BLUE,0.86,6,2,18.775,4,46,0,226,1,250.05891549270132,225.7493718011482,234.49402988575892,234.2726017772003,101,16,2,43,245.99402988575892,222.99402988575892,5,0.2214281085586265,23,13,0,2,0,1,0,NA,23,228,0.5,8.744658084610734,15.564885606942397,hit,NA,1,1,NA,NA,NA,0.14,NA,NA,NA,0.5,0.5,0,0,0,0,18.775,0,NA
326980,2021-11-01,23:49:01,ODDBALL,BLUE,0.86,6,2,18.775,4,47,0,227,0,248.9164380203387,265.81275196884206,223.62201675369505,234.49402988575892,192,16,3,43,247.12201675369505,200.12201675369505,6,10.87201313206387,47,13,0,10,0,12,0,NA,47,229,0,42.190735215147015,25.29442126664364,miss,NA,1,1,NA,NA,NA,0.14,NA,NA,NA,0,0.5,0,0,0,0,18.775,0,NA
326980,2021-11-01,23:49:01,ODDBALL,BLUE,0.86,6,2,18.775,4,48,0,228,0,246.63942888807875,232.968767898631,257.5010805403613,223.62201675369505,227,16,0,43,268.0010805403613,247.00108054036127,6,33.87906378666622,21,13,0,14,0,10,0,NA,21,230,0,24.53231264173027,10.861651652282518,miss,NA,1,1,NA,NA,NA,0.14,NA,NA,NA,0,0.5,0,0,0,0,18.775,0,NA
326980,2021-11-01,23:49:01,ODDBALL,BLUE,0.86,6,2,18.775,4,49,1,229,1,246.63942888807875,242.31367894502208,236.55100726252527,257.5010805403613,75,17,0,43,257.5510072625253,215.55100726252527,5,20.950073277835997,42,13,0,9,0,4,0,NA,42,231,0.5,5.762671682496801,10.08842162555348,hit,49,1,1,NA,NA,NA,0.14,NA,NA,NA,0.5,0.5,0,0,0,0,18.775,1,NA
326980,2021-11-01,23:49:01,ODDBALL,BLUE,0.86,6,2,18.775,4,50,1,230,0,246.63942888807875,186.24855940841337,257.2323368553171,236.55100726252527,547,17,1,43,281.7323368553171,232.7323368553171,6,20.681329592791826,49,13,0,5,0,12,0,NA,49,232,0,70.98377744690373,10.592907967238347,miss,50,1,1,NA,NA,NA,0.14,NA,NA,NA,0,0.5,0,0,0,0,18.775,1,NA
326980,2021-11-01,23:49:01,ODDBALL,BLUE,0.86,6,2,18.775,4,51,0,231,0,250.39421050031046,260.4399705288655,222.70938995736148,257.2323368553171,229,17,2,43,243.20938995736148,202.20938995736148,6,34.52294689795562,41,13,0,11,0,11,0,NA,41,233,0,37.73058057150402,27.684820542948984,miss,NA,1,1,NA,NA,NA,0.14,NA,NA,NA,0,0.5,0,0,0,0,18.775,0,NA
326980,2021-11-01,23:49:01,ODDBALL,BLUE,0.86,6,2,18.775,4,52,0,232,1,253.7145741486279,258.5917009920316,248.34766852809108,222.70938995736148,488,18,2,43,267.84766852809105,228.84766852809108,5,25.638278570729597,39,13,0,12,0,8,0,NA,39,234,0.5,10.2440324639405,5.366905620536812,hit,NA,1,1,NA,NA,NA,0.14,NA,NA,NA,0.5,0.5,0,0,0,0,18.775,0,NA
326980,2021-11-01,23:49:01,ODDBALL,BLUE,0.86,6,2,18.775,4,53,0,233,1,255.36716375739056,252.68342440435808,248.0475475080596,248.34766852809108,179,19,2,43,255.0475475080596,241.0475475080596,5,0.3001210200314688,14,13,0,8,0,11,0,NA,14,235,0.5,4.63587689629847,7.319616249330949,hit,NA,1,1,NA,NA,NA,0.14,NA,NA,NA,0.5,0.5,0,0,0,0,18.775,0,NA
326980,2021-11-01,23:49:01,ODDBALL,BLUE,0.86,6,2,18.775,4,54,0,234,1,257.69444027239126,253.90098115375895,248.0475475080596,248.0475475080596,282,20,2,43,274.0475475080596,222.0475475080596,5,0,52,13,0,9,0,2,0,NA,52,236,0.5,5.85343364569934,9.646892764331653,hit,NA,1,1,NA,NA,NA,0.14,NA,NA,NA,0.5,0.5,0,0,0,0,18.775,0,NA
326980,2021-11-01,23:49:01,ODDBALL,BLUE,0.86,6,2,18.775,4,55,0,235,1,258.4169012452163,240.57920614082332,248.0475475080596,248.0475475080596,219,21,2,43,275.0475475080596,221.0475475080596,5,0,54,13,0,4,0,16,0,NA,54,237,0.5,7.468341367236292,10.3693537371567,hit,NA,1,1,NA,NA,NA,0.14,NA,NA,NA,0.5,0.5,0,0,0,0,18.775,0,NA
326980,2021-11-01,23:49:01,ODDBALL,BLUE,0.86,6,2,18.775,4,56,0,236,1,261.85074572532454,228.64460245071487,237.81320595903742,248.0475475080596,77,22,2,43,266.8132059590374,208.81320595903742,5,10.23434154902219,58,13,0,3,0,1,0,NA,58,238,0.5,9.168603508322548,24.037539766287125,hit,NA,1,1,NA,NA,NA,0.14,NA,NA,NA,0.5,0.5,0,0,0,0,18.775,0,NA
326980,2021-11-01,23:49:01,ODDBALL,BLUE,0.86,6,2,18.775,4,57,0,237,1,257.47385440598975,227.66492449406834,225,237.81320595903742,435,23,2,43,228,222,5,12.813205959037418,6,13,0,12,0,10,0,NA,6,239,0.5,2.6649244940683445,32.473854405989755,hit,NA,1,1,NA,NA,NA,0.14,NA,NA,NA,0.5,0.5,0,0,0,0,18.775,0,NA
326980,2021-11-01,23:49:01,ODDBALL,BLUE,0.86,6,2,18.775,4,58,0,238,0,263.5289383333922,272.3957184725173,225,225,65,23,3,43,230.5,219.5,6,0,11,13,0,11,0,7,0,NA,11,240,0,47.395718472517274,38.528938333392205,miss,NA,1,1,NA,NA,NA,0.14,NA,NA,NA,0,0.5,0,0,0,0,18.775,0,NA
326980,2021-11-01,23:49:01,ODDBALL,BLUE,0.86,6,2,18.775,4,59,0,239,0,266.9581534583531,284.1009826164208,245.53320911895406,225,205,23,0,43,269.53320911895406,221.53320911895406,6,20.533209118954062,48,13,0,6,0,6,0,NA,48,241,0,38.56777349746676,21.42494433939902,miss,NA,1,1,NA,NA,NA,0.14,NA,NA,NA,0,0.5,0,0,0,0,18.775,0,NA
326980,2021-11-01,23:49:01,ODDBALL,BLUE,0.86,6,2,18.775,4,60,0,240,1,270.11820802104313,265.7096305025666,261.59349010263213,245.53320911895406,171,24,0,43,272.59349010263213,250.59349010263213,5,16.06028098367807,22,13,0,5,0,6,0,NA,22,242,0.5,4.116140399934466,8.524717918411,hit,NA,1,1,NA,NA,NA,0.14,NA,NA,NA,0.5,0.5,0,0,0,0,18.775,0,NA
326980,2021-11-01,23:49:01,CHANGEPOINT,ORANGE,0.86,6,2,18.775,1,1,0,241,1,184.99800300807644,183.04863654817325,168.37410135669137,232.554284760911,1054,1,0,58,184.87410135669137,151.87410135669137,5,64.18018340421963,33,1.5,0,3,0,2,0,NA,33,1,0.5,14.67453519148188,16.62390165138507,hit,NA,2,1,NA,NA,NA,0.14,NA,NA,NA,0.5,0.5,0,0,0,0,18.775,NA,0
326980,2021-11-01,23:49:01,CHANGEPOINT,ORANGE,0.86,6,2,18.775,1,2,0,242,1,184.99800300807644,223.31543571342027,243.0563478608077,168.37410135669137,640,2,0,58,266.0563478608077,220.0563478608077,5,74.68224650411634,46,1.5,0,17,0,15,0,NA,46,2,0.5,19.740912147387434,58.05834485273127,hit,NA,2,1,NA,NA,NA,0.14,NA,NA,NA,0.5,0.5,0,0,0,0,18.775,NA,0
326980,2021-11-01,23:49:01,CHANGEPOINT,ORANGE,0.86,6,2,18.775,1,3,1,0,0,33.23552583186783,44.989513647699084,224.2205136788815,243.0563478608077,4,2,1,58,242.2205136788815,206.2205136788815,6,18.835834181926202,36,1.5,0,2,0,0,0,NA,36,3,0,179.23100003118242,169.01501215298634,miss,3,2,1,NA,NA,NA,0.14,NA,NA,NA,0,0.5,0,0,0,0,18.775,NA,1
326980,2021-11-01,23:49:01,CHANGEPOINT,ORANGE,0.86,6,2,18.775,1,4,1,0,0,304.96111374929575,295.2116895669138,319.4925814799153,224.2205136788815,733,2,2,58,326.9925814799153,311.9925814799153,6,95.27206780103381,15,1.5,0,17,0,8,0,NA,15,4,0,24.28089191300154,14.531467730619568,miss,4,2,1,NA,NA,NA,0.14,NA,NA,NA,0,0.5,0,0,0,0,18.775,NA,1
326980,2021-11-01,23:49:01,CHANGEPOINT,ORANGE,0.86,6,2,18.775,1,5,0,1,1,304.96111374929575,308.4548898772861,303.37783203643045,319.4925814799153,177,3,2,58,321.87783203643045,284.87783203643045,5,16.114749443484868,37,1.5,0,10,0,12,0,NA,37,5,0.5,5.077057840855673,1.5832817128653005,hit,NA,2,1,NA,NA,NA,0.14,NA,NA,NA,0.5,0.5,0,0,0,0,18.775,NA,0
326980,2021-11-01,23:49:01,CHANGEPOINT,ORANGE,0.86,6,2,18.775,1,6,0,2,0,304.96111374929575,288.88072329847114,300.67728002179643,303.37783203643045,70,3,3,58,305.67728002179643,295.67728002179643,6,2.700552014634013,10,1.5,0,11,0,5,0,NA,10,6,0,11.796556723325295,4.283833727499314,miss,NA,2,1,NA,NA,NA,0.14,NA,NA,NA,0,0.5,0,0,0,0,18.775,NA,0
